user_id,product_id,rating
133,387,3.8
86,46,3.9
28,1325,4.6
111,680,4.5
37,962,3.6
186,957,4.2
182,1328,4.1
164,683,4.0
27,551,5.0
80,1339,3.9
172,525,4.0
159,947,4.1
119,146,4.8
193,714,3.5
195,1254,4.3
185,646,
67,443,4.5
117,778,4.2
94,510,3.9
34,996,4.5
123,825,4.4
48,1270,5.0
139,184,3.1
13,1042,4.8
112,914,4.7
105,328,4.8
47,321,4.2
64,682,4.6
137,227,4.5
183,864,4.7
61,772,4.5
41,544,3.4
82,831,4.9
184,462,4.4
5,991,4.7
106,1265,5.0
47,1232,4.0
159,79,
110,980,4.1
32,66,3.5
89,842,4.4
78,531,3.9
117,357,4.1
61,1305,2.6
132,35,3.9
32,145,3.4
57,821,4.4
16,878,4.1
154,691,4.6
112,1035,4.4
22,1043,4.5
35,569,4.5
91,123,5.0
196,603,4.2
161,1312,4.3
170,981,
87,82,4.3
6,1040,3.8
115,93,4.4
172,1195,4.0
108,626,3.9
9,1276,3.6
147,1310,4.7
2,1199,3.5
155,1299,4.2
22,350,4.3
138,923,4.5
158,25,4.7
180,613,3.9
119,1101,3.9
9,617,5.0
2,233,4.3
156,1269,4.6
72,1150,4.0
167,559,4.0
147,67,4.2
186,1099,3.9
105,1377,3.9
99,254,5.0
148,969,4.3
79,399,3.7
92,1367,4.0
16,898,4.4
55,358,4.5
135,732,3.2
70,1384,5.0
186,1334,4.3
167,1116,3.4
31,292,4.7
38,1345,4.6
39,1081,3.7
134,500,3.6
183,169,3.9
28,442,4.7
17,398,3.4
1,51,4.7
175,1181,3.7
186,936,3.7
20,1201,4.2
192,361,3.8
168,1119,3.5
125,232,5.0
93,199,4.9
188,1059,3.7
45,241,5.0
74,379,5.0
192,774,4.7
35,688,4.1
18,1032,4.0
48,525,4.4
182,910,3.7
54,1217,4.2
59,686,4.4
199,1133,4.3
31,1328,4.7
116,764,3.7
195,626,4.4
60,863,3.7
34,1086,4.3
153,980,3.7
59,329,3.8
185,693,4.5
73,1115,4.9
42,533,4.5
196,505,3.7
101,188,4.7
23,782,4.1
187,498,4.2
116,736,3.6
197,820,4.7
5,196,4.0
172,333,4.4
67,1308,5.0
110,117,4.2
36,474,3.6
85,1298,4.8
43,421,4.5
95,1074,3.5
33,128,4.3
20,381,4.8
135,49,3.3
77,1107,3.2
173,1361,4.3
171,527,2.8
56,794,2.5
118,1373,3.8
52,1261,4.3
40,608,4.2
193,690,5.0
161,981,
185,627,
99,550,4.9
125,157,4.4
145,473,3.7
19,638,4.9
194,667,3.9
190,325,4.6
198,285,4.6
13,843,4.3
106,48,4.5
24,782,3.2
155,198,2.8
162,963,3.8
166,784,3.9
149,492,4.2
193,292,4.0
55,1327,4.1
61,506,3.9
85,231,4.3
12,103,
72,283,3.7
74,1012,4.3
170,1347,
37,1103,5.0
157,638,3.5
185,982,4.0
7,807,4.1
12,336,4.2
44,1367,4.7
123,163,3.5
83,747,5.0
119,1231,3.5
126,852,3.4
13,136,3.2
177,1041,4.5
158,823,4.8
89,414,4.2
11,119,4.7
188,1217,4.6
180,182,
147,405,3.6
39,306,5.0
77,1350,4.0
156,577,5.0
85,495,4.3
147,131,3.7
168,173,3.7
89,1099,4.2
198,876,4.6
167,644,4.4
48,726,4.1
159,1183,4.0
169,1112,4.4
94,328,3.8
150,801,4.1
74,996,3.8
191,87,5.0
191,1049,3.6
78,1234,4.8
142,1328,4.3
177,545,3.8
8,498,4.2
199,1147,5.0
149,1150,4.7
36,306,4.6
67,169,4.5
140,670,4.6
14,120,4.1
194,260,4.4
56,837,4.8
119,314,4.7
19,769,4.8
102,1080,4.7
189,1116,4.8
185,1018,5.0
70,221,3.3
41,435,3.4
146,719,4.3
153,381,4.4
71,865,3.9
88,788,4.6
78,1121,4.9
11,406,2.9
194,379,4.6
48,672,4.1
197,753,4.2
159,617,4.7
197,271,4.6
182,1275,4.2
10,468,3.8
173,1247,5.0
143,855,3.9
54,353,5.0
93,1294,4.2
27,1126,4.3
22,499,4.2
138,1280,3.3
37,306,4.1
141,764,4.4
79,530,5.0
47,1136,4.6
20,703,4.8
128,534,3.9
79,1254,5.0
111,919,4.4
34,207,3.3
16,1213,4.2
73,315,4.7
8,964,4.2
75,1014,5.0
16,1237,3.5
132,956,3.9
40,1163,4.6
20,1142,4.8
165,222,3.7
125,342,4.8
104,1008,4.1
45,570,
159,242,
27,1142,4.1
6,1076,3.6
9,48,3.8
184,141,4.1
141,51,3.4
144,1099,4.5
10,950,3.7
39,514,4.4
46,598,4.1
38,14,5.0
133,841,4.3
131,195,4.9
46,232,3.9
33,1008,3.6
111,12,3.8
86,986,4.5
71,1039,3.4
79,606,4.3
164,149,4.0
167,494,3.7
4,208,4.3
187,1353,
166,360,3.9
136,709,3.6
139,733,3.9
87,586,4.8
173,822,3.7
29,784,4.1
55,143,3.9
17,544,3.4
51,116,4.9
41,793,5.0
133,685,4.5
97,146,4.1
148,1186,3.9
36,216,4.1
133,58,4.1
92,919,4.5
123,200,3.9
56,452,4.1
167,774,4.2
42,363,4.2
23,314,3.9
113,170,2.6
166,1137,4.2
94,669,4.0
131,1173,4.4
77,863,4.9
103,518,4.6
38,814,4.8
134,767,5.0
94,1097,4.7
154,625,4.9
38,833,3.1
66,276,3.5
119,191,4.5
140,176,3.4
15,975,3.9
53,638,4.3
72,165,4.3
4,819,3.5
93,423,3.9
96,437,3.7
3,895,2.9
63,1341,4.0
180,968,3.9
54,108,2.9
82,1039,3.5
15,1341,4.3
54,784,4.8
35,1004,4.3
176,1188,4.4
79,225,3.8
2,986,3.9
36,316,4.6
179,1066,4.2
147,967,4.1
112,1205,4.1
183,742,3.0
11,171,3.7
184,85,5.0
55,423,3.9
157,915,3.3
127,1342,3.8
114,6,3.3
177,1308,3.8
106,100,3.6
100,796,4.3
7,1311,4.0
66,535,4.2
10,507,4.2
109,931,3.2
125,1360,5.0
93,415,4.2
97,28,3.7
21,29,4.3
155,235,4.4
101,543,4.2
123,1166,3.6
181,893,3.4
67,1151,4.3
187,1325,4.4
196,1287,4.8
171,1112,4.0
153,629,4.2
12,975,3.0
65,752,3.7
20,500,4.3
22,727,4.8
148,836,4.5
4,935,4.1
127,216,4.7
148,1255,4.5
66,752,3.7
53,292,4.5
52,999,4.3
143,831,4.0
153,1190,3.2
128,1207,4.4
124,873,4.3
56,331,5.0
32,243,4.6
40,795,3.7
15,938,3.7
123,1051,4.3
153,900,
143,1275,3.9
112,1234,5.0
75,546,3.8
126,1058,4.2
167,422,4.3
15,30,3.1
102,615,5.0
79,82,4.2
15,1284,3.7
155,35,4.7
151,1273,4.2
168,900,
37,842,4.6
129,906,4.2
45,787,3.3
45,605,
127,331,5.0
72,1325,4.5
177,521,3.6
87,1000,4.6
188,1039,4.5
98,836,4.5
109,315,4.7
6,966,4.9
101,1183,4.8
114,1057,4.5
160,598,5.0
155,242,
19,907,4.6
119,459,3.6
60,131,3.3
169,1287,4.4
41,98,2.9
101,346,4.9
135,1160,4.4
22,1024,3.6
90,1063,
5,254,4.1
195,772,3.7
168,1267,4.4
29,1121,5.0
78,1337,4.1
115,656,4.8
20,74,4.9
139,770,3.6
58,617,4.4
43,1376,4.9
66,19,5.0
76,605,
113,1110,3.6
45,865,4.7
74,652,4.2
90,949,3.7
90,180,4.0
82,1290,4.8
162,1214,4.2
133,833,2.3
188,72,5.0
31,1277,4.0
115,1077,4.0
38,369,3.0
103,231,3.7
82,680,4.8
173,90,3.9
156,451,4.6
87,693,4.3
31,400,3.7
50,735,4.5
183,997,3.6
90,892,4.2
182,308,4.4
169,1040,4.0
59,991,4.3
70,954,3.6
11,61,4.3
53,1018,4.1
163,714,3.8
65,474,5.0
114,1384,3.8
134,583,
63,334,4.0
172,1266,3.7
118,203,4.8
22,1077,5.0
74,1212,5.0
57,567,
21,1224,4.0
130,1365,4.3
162,1286,4.3
51,694,3.2
174,1252,4.7
108,823,3.6
163,246,4.2
26,209,5.0
44,518,4.5
73,1374,4.8
131,85,4.4
189,460,3.8
147,1063,
15,713,4.8
140,1299,3.5
177,757,4.8
169,589,4.5
54,1382,3.5
174,685,4.7
129,859,4.9
153,1081,4.0
41,1342,4.4
5,433,1.8
96,931,3.6
170,320,4.4
49,507,4.1
112,1201,3.6
111,321,5.0
140,1266,4.7
150,409,3.4
8,1284,4.9
127,640,4.5
154,752,3.7
167,203,4.2
129,1257,4.4
29,180,4.2
117,1162,4.2
72,1023,4.1
44,949,3.1
30,893,4.1
154,947,4.4
69,1241,4.1
105,1142,5.0
127,1166,3.7
34,1122,4.5
97,1037,4.0
120,136,3.9
131,298,4.6
152,17,
11,174,3.8
184,188,4.0
166,1019,4.0
200,1039,3.7
190,900,
39,554,
119,523,4.4
51,1139,5.0
17,241,4.5
95,538,4.1
97,1213,4.4
172,54,4.5
79,388,4.0
7,1116,5.0
184,362,4.8
176,438,3.0
53,1252,4.8
191,448,4.3
139,502,2.7
148,261,4.6
113,1072,4.6
135,812,4.3
17,622,4.3
77,910,3.3
29,359,5.0
103,1241,3.3
133,1304,4.3
91,323,4.8
77,234,3.9
39,693,4.0
28,1157,4.4
21,464,
37,518,4.7
198,762,3.5
78,18,4.8
137,1012,4.2
121,595,4.7
166,811,3.3
7,554,
148,989,4.4
8,1326,4.8
23,129,3.3
143,579,5.0
17,1091,3.7
121,1266,3.9
183,778,3.6
108,869,3.8
9,746,4.8
7,4,4.0
165,452,3.8
63,833,3.0
112,112,3.7
123,519,3.8
163,266,4.2
64,929,4.3
51,563,4.9
46,346,4.3
137,159,4.2
78,911,4.7
141,1304,4.9
118,1216,3.8
142,553,4.4
36,583,
85,1305,5.0
148,181,4.1
116,362,4.3
130,989,4.2
193,24,4.3
54,1139,3.8
50,569,5.0
137,296,
88,1243,4.5
97,1148,4.6
51,668,4.3
62,535,4.3
189,908,4.1
15,901,5.0
62,572,5.0
67,933,4.1
41,947,4.6
47,1186,3.8
129,1272,5.0
145,1253,4.1
11,1188,4.1
105,970,4.5
80,739,4.0
12,517,4.3
119,989,3.4
98,562,3.5
69,554,
130,1265,4.1
43,1084,4.6
3,862,3.5
63,959,4.1
19,629,5.0
158,159,4.9
106,346,4.5
49,550,4.0
138,800,4.4
160,1349,
11,1353,
17,527,4.8
96,1108,4.6
38,915,4.1
165,244,4.1
128,229,4.0
37,1067,3.5
112,1279,5.0
17,1019,3.7
167,94,4.7
33,1339,3.9
118,1030,4.6
133,1316,5.0
196,402,4.1
131,745,4.6
141,595,5.0
124,1263,4.8
26,564,
1,219,4.1
48,475,4.5
61,275,4.2
179,418,3.8
27,514,4.7
200,997,3.7
73,349,4.8
20,653,3.0
102,447,4.2
78,276,4.0
22,1162,3.6
39,43,3.8
110,260,4.0
151,167,5.0
59,1219,4.4
23,225,3.5
53,1309,4.0
157,1322,4.2
135,752,4.0
150,682,5.0
183,1188,3.5
33,748,4.2
60,821,4.2
52,476,3.6
189,1381,3.6
126,491,4.6
8,1132,4.2
169,522,4.0
120,1212,4.4
166,567,
80,1261,5.0
17,141,3.8
177,112,4.3
167,801,3.7
118,1159,4.8
82,1162,4.7
14,1095,3.9
165,19,5.0
34,24,3.4
35,403,3.7
55,977,3.9
196,382,4.5
122,1201,3.7
8,173,4.9
186,653,4.2
103,1273,4.8
23,529,4.2
55,1098,4.7
199,448,3.9
187,1133,4.5
72,1260,4.0
46,1099,4.0
105,1257,5.0
157,1321,4.1
78,83,4.2
22,1350,4.4
109,464,
179,852,4.9
108,590,4.1
87,1236,4.7
56,568,4.4
1,143,2.9
141,396,5.0
62,197,2.8
109,934,4.5
145,1080,5.0
80,992,3.2
144,1047,4.2
14,859,5.0
80,915,4.3
54,844,4.2
183,244,3.9
35,662,4.8
94,588,5.0
76,715,3.4
174,694,4.1
3,1006,3.2
120,411,2.9
141,1297,5.0
137,1356,5.0
28,298,4.2
28,251,
141,855,4.0
12,1338,3.1
131,242,
172,660,3.7
111,988,4.7
179,1026,4.1
89,468,3.5
42,444,4.0
122,521,4.5
114,648,4.9
81,811,4.5
128,164,3.7
106,393,4.0
82,702,4.9
6,205,3.2
63,1270,4.2
54,813,4.0
78,188,3.6
140,542,3.9
175,182,
83,371,5.0
188,84,4.5
84,181,3.2
95,58,3.9
56,1187,4.5
36,917,3.4
176,940,4.6
20,954,3.8
61,1033,4.6
165,825,3.2
71,671,
111,847,3.5
184,1290,4.3
148,222,4.4
108,356,4.1
147,728,4.0
64,745,5.0
135,1147,4.1
65,1208,3.9
47,1284,4.9
1,1233,4.6
116,882,4.1
188,12,4.7
79,336,4.9
138,372,4.3
23,499,4.4
176,1117,4.7
109,17,
149,1073,4.6
52,294,4.3
156,260,4.1
64,755,4.0
25,1091,4.3
193,351,5.0
40,777,4.8
37,22,3.5
96,275,4.4
125,1195,3.1
105,1196,3.8
101,434,2.9
94,1146,4.5
36,43,3.8
25,160,3.6
32,707,4.6
167,131,4.4
41,545,3.7
185,382,4.3
177,309,4.7
119,595,5.0
99,819,3.4
47,121,4.6
197,417,3.2
36,912,4.1
128,708,4.6
65,1283,4.9
77,1289,3.8
68,1319,5.0
79,1079,5.0
132,812,3.8
40,671,
138,1339,4.3
91,1044,4.3
131,690,5.0
131,249,5.0
166,1245,3.9
193,373,4.1
60,467,4.1
18,154,4.6
95,523,4.4
176,867,3.4
104,365,4.7
109,1163,4.8
62,278,4.2
163,923,3.4
44,845,5.0
58,395,3.4
103,1136,5.0
47,190,3.6
184,1011,3.9
90,971,4.3
77,679,4.6
13,1157,3.8
111,242,
185,801,4.1
9,1099,4.6
68,953,4.1
144,256,
189,883,3.5
87,637,4.8
46,189,3.4
123,656,3.5
180,1211,3.8
138,1155,4.2
149,378,5.0
12,368,4.5
131,51,4.0
62,543,4.1
7,246,4.0
187,152,4.3
20,446,3.7
143,800,4.3
24,1075,4.2
127,410,3.8
115,319,4.6
20,245,3.4
92,929,4.5
177,1042,4.2
140,399,3.7
41,291,3.8
162,108,2.0
180,412,4.1
198,586,5.0
196,475,3.6
6,740,4.5
58,1220,4.7
168,920,4.2
160,163,4.3
136,1199,4.1
129,982,4.3
81,607,4.7
98,1080,3.8
100,438,3.2
160,142,3.2
80,465,4.3
129,147,4.0
43,952,2.2
179,474,4.0
120,285,4.6
97,227,4.9
64,1242,5.0
89,676,3.5
74,862,4.0
131,1349,
90,991,4.3
69,621,4.7
95,953,3.7
108,242,
34,1282,4.5
152,860,5.0
32,856,4.3
11,558,5.0
139,1317,4.0
95,1370,5.0
199,433,2.9
198,910,3.7
15,1007,3.7
83,833,3.3
158,16,4.8
9,1005,4.9
175,166,3.8
199,977,3.8
15,740,4.2
192,43,4.3
183,526,4.7
79,161,4.8
186,53,4.2
94,821,4.8
13,508,4.3
81,1355,4.9
98,88,4.5
182,53,4.9
17,961,3.6
153,1379,4.6
192,532,4.8
127,217,3.8
29,333,4.1
45,1350,4.3
27,760,4.5
185,45,4.2
163,181,4.3
182,873,3.9
109,1239,4.1
79,1036,3.4
192,440,4.6
56,317,5.0
82,420,3.8
153,446,4.0
144,313,3.7
102,453,
139,982,4.4
166,146,5.0
28,1049,4.4
11,274,5.0
167,275,4.8
86,300,4.4
69,918,3.5
200,1330,3.2
172,845,4.2
40,71,4.0
53,469,4.4
30,1321,4.0
46,351,4.4
178,636,4.7
25,1199,3.6
135,1249,4.8
133,962,4.4
134,1054,4.0
193,1097,4.2
30,858,3.9
161,1367,3.9
196,274,4.2
11,856,4.1
68,317,4.9
72,1013,3.9
73,67,3.9
101,225,4.9
105,1213,4.5
41,935,4.5
14,1024,4.1
133,201,4.3
118,1114,3.7
36,1334,3.8
172,857,4.9
145,556,4.4
115,1191,4.3
60,1204,5.0
19,320,4.0
51,127,4.2
159,66,5.0
5,828,4.3
2,650,4.7
130,629,4.3
195,517,3.8
140,1023,3.8
101,86,4.8
178,370,4.5
52,541,4.2
85,941,4.3
139,811,4.5
51,580,
5,560,4.6
53,1384,4.9
170,1384,4.5
96,189,4.0
187,757,4.2
147,358,4.1
45,614,4.3
148,516,3.8
76,556,4.1
44,1341,4.5
156,516,3.7
39,1026,4.0
100,51,4.4
68,1025,4.8
80,597,4.9
135,226,4.5
101,634,4.0
141,263,3.8
69,219,4.4
124,183,3.8
191,1345,4.5
46,776,4.6
58,1103,4.2
155,1087,4.9
52,1254,4.2
47,1035,3.6
195,51,3.4
135,960,5.0
82,128,4.3
18,1338,4.6
135,1072,4.2
44,962,4.1
80,323,4.1
36,1067,3.5
88,1367,3.7
68,5,4.4
130,549,3.7
149,1367,3.5
24,1324,5.0
169,622,3.8
85,1237,4.6
29,1267,4.2
187,97,4.0
105,409,4.0
116,931,4.0
137,266,4.1
23,476,3.0
133,227,3.7
147,746,3.9
13,97,5.0
121,726,4.6
173,197,4.1
27,380,3.6
37,576,5.0
88,443,3.9
66,188,4.1
21,597,4.9
133,770,4.5
189,715,4.4
55,501,4.1
147,798,3.9
42,597,4.5
103,671,
127,785,3.8
104,158,4.2
85,827,3.1
139,1069,4.9
67,510,4.2
172,238,3.9
106,1364,4.3
100,310,5.0
38,377,3.5
83,1140,4.6
120,141,4.7
106,844,3.3
45,1027,3.1
75,1145,4.5
2,282,4.3
107,449,3.4
54,1146,3.6
130,1089,4.2
141,734,4.2
127,1213,4.4
75,474,4.0
189,1294,5.0
84,1265,3.9
69,56,4.0
116,948,3.9
32,184,3.5
25,1308,4.4
145,796,4.6
187,102,4.4
191,173,3.6
93,564,
142,987,3.8
81,1380,3.7
194,568,4.4
165,350,3.8
121,619,
95,1063,
167,594,5.0
110,1121,4.6
19,1243,5.0
61,1288,4.0
35,20,3.6
187,258,5.0
31,698,4.8
53,601,4.2
57,785,3.5
45,436,3.8
66,306,3.9
1,920,4.3
161,995,4.6
173,1,4.8
129,177,3.9
98,1257,4.5
102,130,3.6
24,515,4.4
166,1352,
144,1163,3.9
80,139,4.0
80,884,4.5
55,675,4.4
190,377,5.0
171,891,4.4
142,492,4.9
32,500,3.9
194,489,3.8
128,473,3.4
169,1217,4.7
18,428,3.7
89,772,4.6
147,1295,3.4
172,581,
170,852,3.6
84,597,4.5
90,1007,3.9
17,698,4.9
93,834,4.1
194,944,4.4
8,583,
23,1061,4.3
75,294,3.9
103,1047,4.8
58,1377,4.6
69,1118,3.6
14,1256,5.0
166,246,4.3
80,420,3.6
160,1078,4.8
119,950,4.1
160,1310,4.0
153,42,5.0
182,915,5.0
83,895,3.7
101,1263,4.7
143,557,5.0
168,1123,3.6
154,513,3.6
22,60,3.6
140,209,3.9
33,297,4.9
33,195,4.0
194,580,
123,905,
98,739,4.3
181,1193,4.3
75,166,4.8
95,50,4.2
97,80,4.4
185,1322,4.2
183,385,4.1
118,697,4.9
149,2,3.9
31,1384,4.6
27,546,4.0
9,1195,3.7
187,321,4.9
131,1220,4.2
32,78,4.3
84,192,3.2
180,1145,4.3
114,58,3.3
197,565,5.0
124,317,4.7
116,1062,4.9
198,493,4.5
30,176,3.3
4,1006,4.3
199,256,
190,689,4.5
70,1071,4.6
130,79,
117,16,3.8
155,735,4.4
192,557,4.8
46,397,4.5
145,960,4.5
98,1079,4.6
38,262,4.3
17,135,4.5
2,784,3.1
165,1378,5.0
56,48,4.3
104,384,4.1
49,410,4.1
195,530,4.2
194,506,4.1
77,539,3.3
9,1031,3.4
94,1351,
184,1267,3.6
47,491,4.1
31,869,4.1
12,1288,4.1
110,162,3.9
80,65,5.0
124,732,4.3
3,1188,3.9
9,1182,3.1
46,179,3.8
157,987,3.4
135,652,3.4
178,480,4.4
16,188,4.6
169,54,4.8
42,800,4.2
171,1155,4.1
1,146,4.7
69,1031,3.7
106,1165,3.6
88,273,4.5
44,662,3.9
158,347,
192,1006,3.8
124,1220,4.3
26,729,4.7
16,320,4.4
7,79,
196,1338,3.7
168,1367,4.3
9,692,
178,600,
131,1065,4.2
178,157,4.3
72,557,5.0
175,1379,3.6
87,100,4.0
157,892,2.6
7,102,3.5
7,1058,3.7
172,877,5.0
96,1014,4.8
190,297,4.2
34,565,3.8
51,346,4.1
190,613,4.9
86,324,4.2
4,257,
81,1114,4.6
148,66,4.6
24,468,3.6
18,639,4.1
135,376,4.1
50,408,3.9
6,21,4.8
197,53,3.8
83,504,3.7
28,437,2.9
97,297,4.2
165,46,3.6
158,389,4.1
2,1056,4.1
148,361,3.9
179,638,3.8
197,412,4.3
68,1159,4.6
99,349,4.2
195,251,
117,86,4.2
157,103,
37,1087,4.8
123,637,4.0
17,1237,4.3
12,585,
75,619,
94,1311,4.8
27,507,4.1
136,1232,4.8
91,743,4.3
136,459,3.5
59,908,3.7
91,46,4.2
126,1053,4.0
159,676,3.6
11,883,4.7
63,159,4.0
55,902,4.1
6,215,3.9
123,1360,4.6
170,448,4.2
112,183,3.7
171,803,4.4
113,519,4.9
60,924,4.1
18,617,5.0
62,569,4.3
21,1042,3.5
188,163,3.8
9,1086,5.0
130,1226,4.2
129,459,3.9
28,27,3.8
14,826,3.7
195,396,3.8
144,1136,4.2
156,1243,4.4
42,1056,3.7
175,202,3.9
164,989,4.0
74,201,3.8
167,1061,3.7
77,275,4.4
118,948,3.4
75,1286,5.0
181,591,5.0
56,382,3.0
195,534,4.5
150,3,4.0
150,881,4.3
85,1252,5.0
39,536,3.7
78,791,4.3
166,999,3.6
83,1191,3.1
83,1026,3.7
73,328,4.6
184,1025,4.3
34,795,4.3
100,995,4.7
197,1319,4.7
92,829,5.0
89,755,4.3
195,524,3.6
85,344,3.7
149,952,4.4
196,635,3.9
163,1196,3.7
62,262,4.3
44,1062,5.0
1,1307,3.4
21,109,4.7
171,295,4.6
121,67,3.1
96,987,4.4
200,668,4.7
18,611,4.1
95,13,4.5
27,601,4.7
115,511,4.5
67,49,5.0
72,791,4.9
11,1365,4.2
14,482,3.9
121,1287,3.2
186,587,4.4
192,520,3.7
140,455,
91,117,4.0
43,1112,5.0
174,525,4.0
14,337,4.2
143,693,3.6
110,1233,4.3
142,618,4.3
7,118,4.8
102,978,2.9
192,308,4.2
48,234,4.4
168,778,5.0
32,4,4.0
156,1340,4.0
76,63,4.8
141,884,4.0
88,795,3.7
43,1102,4.0
123,693,4.7
64,1103,3.9
46,401,3.6
88,1128,4.8
163,659,3.5
28,1370,4.4
95,161,4.5
154,1023,4.4
104,98,3.1
12,946,3.3
80,435,2.4
122,774,5.0
95,1259,4.7
42,155,4.4
130,1127,4.5
31,907,3.3
16,724,4.5
16,523,3.5
61,1239,4.9
180,536,4.5
45,1204,4.4
72,820,4.2
181,406,3.5
95,179,4.6
18,90,4.3
65,1161,
102,670,4.5
67,508,3.6
61,356,4.3
173,723,5.0
37,89,4.4
105,695,4.6
176,409,4.3
100,402,4.6
138,634,4.8
89,31,4.1
50,637,4.4
52,797,4.9
6,917,4.6
195,1280,3.9
107,1308,4.1
28,764,4.1
7,1140,4.1
35,312,3.6
154,576,4.6
193,791,5.0
163,622,4.4
119,155,4.8
139,908,3.6
80,882,4.7
54,483,4.8
28,762,3.6
136,1069,4.0
1,668,4.4
51,512,4.1
200,1013,3.9
153,3,4.3
32,433,2.8
84,434,3.5
174,166,4.0
77,881,4.0
108,1161,
108,843,3.9
132,1094,5.0
87,806,4.1
62,1167,5.0
171,466,3.6
196,701,3.5
116,448,3.8
43,1289,4.2
10,1031,2.7
6,312,4.6
99,87,4.7
191,1196,4.3
3,1312,3.4
77,1381,4.6
41,1074,4.6
43,1032,4.5
67,686,3.8
194,899,2.6
152,440,3.1
124,1181,4.4
69,649,3.0
131,104,4.9
159,747,5.0
190,1202,4.3
184,810,4.6
189,224,4.8
62,257,
157,203,3.2
177,236,3.7
6,924,4.0
152,143,4.3
120,322,4.1
88,1297,5.0
139,37,4.2
77,1297,4.3
100,1156,4.4
200,624,5.0
196,917,3.7
30,1266,4.3
114,706,4.4
55,58,4.9
126,396,3.9
129,1371,4.1
154,209,3.1
2,793,4.6
68,965,4.2
115,1250,4.9
58,769,4.7
61,289,3.7
21,94,4.8
92,731,4.9
160,1027,4.3
99,1045,4.9
90,203,4.0
5,110,5.0
104,72,4.1
121,271,3.2
105,821,3.5
134,1015,3.5
177,645,4.9
172,574,4.9
46,815,4.7
198,397,3.9
199,872,5.0
1,752,3.7
150,435,3.8
13,407,3.9
128,718,5.0
160,848,4.7
78,152,2.6
2,455,
69,345,5.0
155,641,3.2
133,700,4.8
66,1171,4.0
173,589,4.3
47,680,4.0
107,893,4.7
158,904,4.6
149,174,3.7
54,722,3.8
71,216,5.0
126,448,5.0
167,769,4.8
156,1307,4.8
149,589,4.2
114,651,3.3
177,299,3.9
7,59,5.0
56,587,4.1
78,1047,3.9
152,226,5.0
2,412,3.9
85,1175,2.7
188,394,3.8
174,143,3.7
140,224,5.0
165,939,3.9
99,184,4.7
74,639,4.0
31,1299,4.5
99,447,4.8
130,810,4.2
13,323,3.9
94,734,4.5
132,765,4.9
93,136,3.1
135,891,4.3
73,576,3.5
129,1080,4.5
16,467,3.7
171,1141,3.6
15,418,4.9
70,262,3.7
67,178,4.3
88,1008,4.3
74,1166,5.0
51,703,4.3
83,1023,4.0
46,1216,4.1
159,1228,4.1
172,1133,3.8
161,1176,3.2
126,259,3.7
60,1191,3.9
54,1244,5.0
123,734,4.6
48,1325,4.4
160,26,5.0
164,926,4.0
144,472,4.0
129,339,4.3
26,730,4.0
86,249,4.5
164,545,3.4
53,159,3.9
161,135,3.6
80,69,4.1
69,717,3.9
177,121,4.9
37,499,4.5
167,246,5.0
179,1298,3.5
153,239,4.1
91,844,4.9
91,969,3.7
136,1022,2.6
136,910,3.0
124,68,3.5
40,875,2.8
149,834,3.8
39,613,5.0
29,1238,4.0
104,906,4.5
5,1269,3.9
134,1017,4.6
192,411,4.9
92,301,4.1
144,1315,4.3
190,243,3.5
190,1011,4.0
134,1085,4.3
52,852,3.6
42,709,5.0
106,387,3.3
84,626,5.0
30,364,3.6
125,947,3.7
99,872,5.0
108,792,4.4
143,383,5.0
6,236,5.0
1,372,4.4
37,644,4.3
12,391,4.3
39,1042,3.1
48,556,4.2
63,948,3.5
20,797,4.1
76,28,4.8
78,1101,4.1
198,97,4.1
47,512,4.2
12,1283,4.2
106,384,3.9
47,1364,4.6
56,4,4.8
97,143,2.6
141,221,3.6
35,1237,4.4
188,33,5.0
92,615,4.4
48,1138,4.7
27,582,5.0
52,1165,4.1
70,294,4.4
55,930,3.9
156,302,5.0
62,246,5.0
77,585,
26,914,4.1
22,1357,4.7
125,563,4.9
187,794,3.7
130,352,4.4
129,1166,4.9
7,369,4.8
24,252,
46,513,3.9
30,500,4.0
184,127,4.3
36,1186,4.0
38,1118,3.6
147,623,4.7
133,76,
182,505,4.2
72,1259,3.8
154,518,3.9
85,631,4.5
21,745,4.2
120,294,4.7
26,502,4.4
92,118,3.9
115,598,4.5
39,826,3.0
170,947,4.2
82,1058,4.5
12,136,4.0
40,770,3.9
21,1207,4.4
189,302,4.3
66,663,4.1
190,144,3.9
9,700,4.0
54,1076,4.4
146,27,4.6
111,442,3.8
8,142,4.2
157,1034,4.4
45,450,4.0
178,173,4.5
2,166,4.4
54,904,5.0
173,908,3.9
170,550,4.6
100,1146,4.2
61,541,3.9
51,606,4.2
182,1013,3.9
56,1107,4.6
36,1188,4.1
129,738,3.8
182,233,4.5
25,604,
7,742,4.3
97,599,5.0
63,1139,4.0
19,510,4.7
84,462,4.2
171,1076,4.2
85,483,3.6
71,763,4.4
91,804,3.8
101,334,4.5
23,1338,4.5
28,17,
16,524,4.1
186,652,4.0
76,244,3.5
65,422,3.1
14,461,3.8
160,109,5.0
112,1277,4.9
186,807,4.3
143,1194,4.2
39,973,4.3
90,1070,4.3
96,423,3.7
144,206,3.7
77,821,4.6
120,466,3.9
26,317,4.2
123,1212,4.1
187,1284,3.9
113,422,3.6
85,290,4.0
175,1076,4.3
21,1054,4.8
13,931,4.4
138,708,4.3
48,334,3.4
46,12,2.9
175,532,3.2
85,729,4.5
69,610,4.9
182,1383,4.2
171,1227,4.0
126,191,4.7
108,650,4.5
10,1344,4.4
84,1080,4.1
195,1005,4.1
38,1217,4.7
157,1195,3.9
131,1133,3.7
92,1305,4.3
142,1258,4.2
7,576,4.7
113,1167,4.7
148,81,4.8
75,170,4.6
157,1045,4.4
46,871,4.2
27,759,4.2
145,1199,3.0
14,1057,4.7
150,523,5.0
16,240,3.9
128,1009,4.5
170,122,4.8
186,1059,5.0
75,1318,3.0
78,636,3.8
52,848,4.5
131,979,3.7
136,592,4.6
178,1200,4.5
72,951,3.5
83,985,4.6
76,356,4.5
191,914,4.2
180,300,4.5
36,1185,5.0
59,295,4.6
108,1098,3.9
57,453,
181,31,3.6
174,103,
72,1170,4.4
28,1080,4.1
178,1124,4.1
112,1075,4.5
61,497,4.0
54,97,5.0
9,545,3.7
73,1126,4.4
106,839,4.0
40,373,4.1
178,43,4.1
137,295,4.0
198,1379,5.0
102,386,4.3
91,73,3.8
16,1252,4.7
194,533,3.6
176,296,
19,835,3.7
25,133,3.8
175,949,4.4
137,326,4.1
58,1051,4.4
143,195,3.8
12,596,3.8
100,697,4.8
199,437,3.9
65,1371,4.3
157,35,4.7
200,600,
35,1373,4.3
174,570,
105,92,2.8
15,834,4.0
173,1356,4.3
126,1350,4.3
10,639,4.5
74,345,4.2
45,390,4.3
133,1022,1.8
134,1225,3.7
43,899,3.1
19,228,4.0
38,453,
183,674,5.0
31,70,4.8
196,159,3.9
170,1135,5.0
106,436,4.4
26,754,4.7
33,1048,4.7
25,412,3.7
158,472,3.8
135,641,4.5
139,793,4.3
10,233,4.0
179,1126,4.9
69,135,3.9
168,71,3.5
180,113,4.1
185,209,5.0
198,139,5.0
7,977,3.5
114,1049,4.0
115,714,4.2
154,1319,4.8
106,449,5.0
140,144,4.3
63,473,3.2
115,776,3.8
106,682,4.9
102,186,3.5
161,1136,5.0
113,137,4.7
94,323,3.9
191,524,3.5
174,1087,4.6
124,206,3.6
61,348,5.0
118,1145,4.0
64,378,5.0
139,422,4.1
94,347,
126,485,4.3
124,917,4.0
192,120,3.2
183,593,4.7
73,768,4.5
42,756,4.2
181,1138,4.0
33,949,4.0
26,524,4.4
177,827,3.2
20,223,4.2
1,157,4.3
1,310,4.5
193,295,5.0
4,754,4.1
144,251,
196,37,5.0
73,543,4.7
147,743,4.8
93,654,4.8
49,1163,4.7
153,1178,4.2
146,996,4.5
80,899,3.7
80,615,4.1
3,241,4.5
50,922,3.8
50,647,4.2
126,570,
16,995,3.6
180,69,5.0
12,1064,3.9
53,1326,5.0
54,268,4.4
67,1041,3.8
161,832,4.1
148,346,4.1
102,1317,3.7
163,428,2.3
58,1026,4.2
105,473,3.1
135,146,5.0
22,722,4.2
176,645,4.8
110,206,3.6
47,221,3.8
36,836,4.6
42,1203,4.2
78,863,5.0
104,888,3.5
91,1136,3.6
90,293,4.1
73,137,3.6
120,515,3.3
16,23,3.8
24,150,4.1
86,890,3.7
123,283,5.0
23,1308,4.2
163,735,4.5
86,743,3.3
91,1045,4.7
20,473,3.8
57,797,4.0
102,242,
28,1221,4.1
44,1029,4.1
191,843,4.1
136,320,4.7
143,1052,4.1
40,129,4.1
184,886,4.3
28,150,5.0
34,543,4.6
130,392,
93,1158,4.4
122,695,4.1
139,1210,4.0
186,393,4.0
132,974,3.3
92,406,3.6
168,709,4.8
125,822,4.3
136,229,2.9
77,594,4.8
37,959,4.2
5,522,4.4
160,981,
27,681,4.5
84,777,4.7
85,1000,4.5
28,672,4.7
133,551,4.6
128,337,4.2
192,76,
196,1094,5.0
141,1320,3.3
93,906,3.8
25,951,5.0
1,249,5.0
92,1298,4.5
164,1222,4.6
170,162,4.2
63,1190,3.9
186,80,3.4
98,1032,4.6
119,137,3.6
126,41,4.0
52,632,4.4
92,154,4.3
47,74,5.0
3,762,3.7
27,499,3.4
106,1217,4.8
87,246,4.4
58,886,3.5
31,1383,4.7
49,1017,4.1
198,317,4.6
24,1095,3.8
117,98,3.3
25,771,4.5
75,774,4.6
101,268,3.8
44,1358,4.5
15,646,
132,188,3.4
37,594,4.2
17,177,4.3
149,510,4.2
133,794,3.0
11,1190,5.0
134,776,4.4
107,58,4.5
42,291,3.9
64,728,3.9
18,357,3.7
65,772,4.3
88,903,3.5
46,1049,3.1
139,94,4.8
86,190,3.3
57,221,2.7
82,1028,4.3
97,732,3.9
7,963,5.0
19,20,3.9
136,1163,4.8
53,1362,5.0
120,1105,4.4
109,822,4.2
104,1095,4.5
85,910,2.8
162,83,3.6
56,144,3.6
166,351,4.6
75,301,3.9
15,763,4.3
131,651,4.0
174,1162,4.0
29,667,4.3
79,1327,4.7
151,1255,4.6
16,1084,4.4
31,1176,3.6
182,186,3.9
14,188,4.4
65,461,4.2
161,516,3.5
147,1249,5.0
60,678,4.1
75,1086,4.0
169,1382,3.9
196,774,4.1
109,600,
166,493,4.7
28,1356,5.0
187,158,3.1
8,1040,5.0
56,926,3.4
140,595,4.8
35,918,3.5
125,762,3.0
75,981,
74,303,4.2
131,1236,4.5
31,229,3.5
166,200,3.7
140,780,4.0
131,1040,3.3
64,82,4.4
151,651,4.4
23,407,4.0
66,750,3.7
166,490,3.9
172,177,3.8
173,630,5.0
102,400,4.3
180,223,4.8
130,828,4.3
82,757,5.0
189,758,4.1
33,541,4.0
151,139,3.7
117,787,4.8
26,1024,4.1
98,1145,4.1
71,1257,4.1
6,1261,4.4
162,730,4.2
103,1174,3.7
51,779,4.0
49,836,4.6
137,654,5.0
141,224,4.7
193,982,4.8
136,1342,4.0
174,211,3.7
106,511,4.9
154,967,4.0
55,1149,3.5
126,651,4.1
4,676,4.8
87,1157,5.0
125,1000,4.3
163,44,4.8
184,808,5.0
93,909,4.2
188,955,4.5
181,699,4.3
133,489,4.5
45,128,4.4
17,1030,4.3
144,331,4.1
54,445,3.7
66,1157,5.0
146,1184,3.5
8,1312,4.4
134,224,4.0
114,1280,3.5
182,656,4.0
119,1304,5.0
138,1150,4.6
13,942,3.0
141,1172,4.1
198,1335,3.5
16,1080,4.0
71,1355,4.3
4,1074,4.4
25,1233,4.3
142,1014,4.5
198,99,5.0
14,1174,3.5
110,934,4.3
33,65,5.0
160,1370,4.7
81,6,4.3
140,263,4.6
193,278,4.1
50,1249,4.4
111,165,3.3
44,1356,4.9
48,836,4.1
57,261,4.0
113,551,5.0
61,125,4.6
30,1085,5.0
88,1126,3.2
26,837,4.1
51,1150,4.9
128,535,4.2
70,424,3.9
155,1011,3.7
168,1229,3.8
82,129,3.5
45,637,4.2
24,706,3.8
96,628,4.1
190,1277,4.2
195,108,3.2
35,97,4.6
141,70,4.4
94,306,4.2
24,1259,4.2
182,826,4.0
72,47,4.7
32,806,3.4
45,165,3.6
113,1127,3.8
55,440,3.4
136,86,4.7
95,863,4.5
61,122,4.5
109,1292,5.0
44,588,5.0
75,420,3.2
163,1220,3.6
126,83,4.4
32,831,3.7
61,866,4.4
182,1153,4.1
2,740,4.3
22,349,4.6
133,663,5.0
159,72,4.4
127,993,4.6
150,748,4.1
76,270,5.0
132,677,5.0
39,1345,4.6
82,309,4.3
199,241,4.1
154,436,4.5
133,1143,5.0
168,554,
119,70,3.6
85,1095,3.8
3,1137,4.2
35,1350,3.5
36,599,4.1
131,948,3.8
75,1103,4.5
154,862,4.7
19,272,4.2
7,622,4.5
62,557,4.5
27,1177,3.4
144,632,3.6
197,1260,4.5
136,290,4.2
159,853,4.6
118,121,4.9
173,208,4.3
82,586,4.0
161,938,3.8
127,502,4.4
4,895,4.4
61,781,5.0
116,62,4.1
3,1014,4.7
85,586,4.8
21,843,4.7
175,625,4.4
103,739,4.9
29,1303,4.1
189,1288,3.4
104,1128,4.7
50,1363,4.1
10,844,3.9
137,504,3.8
147,1320,4.7
29,869,4.5
146,1099,3.8
92,717,3.2
133,530,4.3
133,1205,3.8
32,885,3.6
55,354,3.6
121,1003,4.7
29,51,5.0
81,408,3.8
138,875,2.7
66,725,3.7
191,373,4.5
11,509,4.0
149,488,3.9
40,568,5.0
42,1261,4.4
107,524,3.5
3,142,4.1
160,859,3.9
149,367,4.0
12,381,5.0
111,1055,4.3
40,105,3.9
21,30,3.5
121,1318,3.9
35,1211,4.4
121,452,3.7
8,567,
170,368,5.0
74,518,4.6
154,726,4.1
16,1187,3.7
46,81,4.1
192,934,3.9
165,598,4.8
96,444,4.6
57,48,4.7
69,124,4.4
10,178,3.8
40,725,3.8
109,972,3.8
161,1166,4.9
122,977,3.4
2,1065,4.3
5,508,4.7
162,579,4.1
176,934,3.8
46,690,4.3
75,969,3.6
178,463,4.0
169,1103,4.5
19,334,4.9
194,839,5.0
105,1277,3.0
153,190,3.9
24,272,3.5
48,186,3.9
169,381,5.0
18,309,5.0
97,4,5.0
8,527,4.2
197,774,3.8
178,515,3.4
164,97,4.6
44,679,4.6
11,974,3.9
117,223,3.8
88,404,3.9
25,828,4.0
116,590,5.0
121,284,4.4
14,1301,4.5
162,1178,4.2
10,196,4.9
192,952,4.9
13,96,4.1
65,992,4.2
170,636,4.0
174,847,3.4
149,744,4.0
23,1119,4.3
155,834,5.0
144,56,5.0
25,52,4.5
195,153,4.0
144,231,4.0
104,648,4.3
82,460,3.9
114,973,4.1
173,1033,3.7
154,537,4.8
199,1108,4.7
11,1112,4.3
128,119,5.0
62,748,4.5
149,702,4.4
130,1040,4.1
157,116,4.5
191,294,4.3
168,652,4.2
109,915,3.9
4,873,4.2
45,80,4.2
162,76,
96,920,4.8
138,706,4.2
174,1256,5.0
79,1077,4.4
104,133,3.9
137,1326,5.0
152,420,4.2
26,380,4.3
33,52,5.0
152,134,4.8
103,1298,3.9
175,1288,4.1
66,184,4.5
180,708,4.1
100,1134,4.5
48,1167,4.4
125,987,4.7
73,518,4.9
13,452,4.4
104,1082,5.0
112,218,3.4
74,1098,4.3
9,1223,5.0
146,879,
155,510,5.0
11,579,5.0
40,676,4.0
120,383,4.8
143,722,4.3
150,53,4.1
34,667,4.6
26,438,2.5
198,1240,4.6
121,805,4.5
4,789,4.1
163,1099,4.6
198,1019,4.5
48,250,4.3
30,1296,4.7
197,1224,4.2
96,1095,4.2
194,1384,3.4
160,878,3.1
121,1081,3.7
85,392,
121,1065,4.2
86,1194,4.6
125,393,3.3
25,407,4.8
137,1228,4.4
114,1149,4.7
85,1103,4.6
64,874,4.3
119,742,4.5
18,461,4.7
143,352,4.5
88,643,5.0
197,477,3.1
70,339,4.8
117,1007,4.1
38,1195,4.4
110,438,2.3
43,175,3.8
74,1065,5.0
200,21,3.5
13,1381,3.5
69,41,5.0
87,1200,3.9
123,1205,4.0
156,541,3.9
37,783,4.3
14,953,3.4
151,1307,3.9
140,441,3.5
40,1037,3.6
20,873,5.0
84,806,4.2
199,438,3.2
199,272,3.9
135,743,4.6
134,753,3.8
39,1138,4.8
176,294,4.4
141,528,3.6
84,576,4.2
113,1054,3.1
6,1067,4.0
178,276,4.3
134,946,3.7
42,88,4.2
180,660,3.9
176,651,3.7
96,878,2.9
97,194,3.8
103,559,4.2
175,338,4.0
161,627,
147,495,3.9
111,137,5.0
87,923,3.1
39,947,4.0
5,1067,4.0
80,278,4.6
3,715,3.5
184,536,3.7
30,12,4.0
13,809,4.2
80,628,4.0
129,1337,4.3
151,18,4.7
85,874,4.5
112,921,3.4
64,1115,4.5
29,1328,4.0
82,783,4.2
112,577,4.8
63,1016,3.0
30,1128,4.8
71,1004,4.8
50,298,4.3
39,173,4.3
161,573,
131,1053,4.4
79,638,3.9
61,618,4.1
22,1206,4.4
147,1146,4.4
102,1079,4.9
24,904,4.5
170,1055,4.1
103,286,3.9
98,979,3.3
24,229,4.3
4,1191,4.4
79,544,3.9
40,6,4.5
52,1224,4.7
177,580,
165,1087,4.4
136,922,3.7
175,678,3.9
44,1233,4.2
102,201,5.0
50,828,4.9
26,1341,4.1
68,846,4.1
61,44,4.0
128,418,4.2
171,648,4.3
159,40,4.4
160,1093,4.8
79,210,4.3
188,242,
89,663,4.3
150,542,4.3
44,970,4.5
34,273,4.5
164,391,4.4
18,1328,4.8
23,211,4.5
187,170,4.0
9,787,3.2
1,561,
121,922,4.4
118,76,
147,298,4.9
80,59,4.4
42,447,4.2
3,914,4.8
42,695,4.4
107,1086,4.8
77,369,3.0
60,745,5.0
97,384,4.4
16,1047,4.5
146,196,4.3
121,413,3.8
161,254,5.0
140,607,4.8
140,10,3.6
100,305,3.8
59,173,4.7
109,1313,5.0
141,615,4.8
171,228,3.9
68,767,4.3
50,206,3.9
43,1248,4.0
23,1324,4.6
46,441,3.0
187,1355,4.5
73,1285,5.0
6,146,4.0
100,400,4.3
147,713,4.7
81,583,
57,1173,4.6
18,253,5.0
150,195,4.0
157,739,4.3
25,988,4.5
91,1347,
25,42,3.6
183,500,3.7
79,1356,4.0
48,740,4.5
26,116,5.0
94,1353,
188,1118,5.0
85,1116,4.2
34,796,4.0
53,964,4.8
96,2,5.0
44,1305,4.2
100,1363,5.0
124,1022,2.1
39,137,5.0
136,1211,5.0
173,233,3.5
5,187,3.2
195,1000,4.8
8,991,4.0
164,1354,4.1
200,617,3.8
18,595,4.6
92,1358,4.7
12,704,4.8
17,142,3.9
11,465,4.0
174,494,5.0
39,55,4.8
171,818,3.3
3,710,4.8
138,386,3.3
64,798,3.2
101,706,4.5
155,739,4.5
65,207,4.5
105,87,4.7
59,754,5.0
124,676,4.1
138,861,4.6
141,648,4.4
75,312,5.0
39,1217,4.3
145,1075,5.0
130,939,4.1
21,653,4.2
89,319,4.4
99,293,5.0
59,1192,2.5
57,700,4.5
194,1040,4.5
42,806,4.2
57,976,
63,1062,5.0
89,1266,5.0
64,736,4.8
176,244,3.3
182,1176,3.8
144,1317,4.4
138,312,4.1
181,1123,4.1
72,1124,4.3
134,728,3.9
198,1201,2.9
196,1158,4.2
17,556,4.3
165,741,3.3
165,162,4.2
27,442,4.0
67,1274,4.9
178,222,3.5
179,104,4.8
62,442,4.1
12,424,4.0
80,886,4.0
117,886,4.1
194,1008,3.7
64,588,4.0
19,812,4.2
193,785,3.8
79,269,4.3
113,594,5.0
152,887,3.7
108,41,4.7
155,756,5.0
184,351,4.0
107,558,4.5
182,626,3.3
147,809,3.7
165,347,
84,402,4.9
147,18,4.3
191,692,
113,901,4.4
39,543,4.5
149,1024,4.1
84,514,4.1
57,320,4.1
35,776,4.4
75,600,
43,85,4.3
143,339,5.0
173,143,2.7
150,535,3.4
76,1232,4.2
85,338,4.6
138,1011,4.2
6,18,5.0
41,535,4.4
53,466,5.0
190,514,4.1
92,997,4.1
187,1112,4.2
100,1034,3.7
10,58,4.7
168,121,4.5
1,212,4.4
180,1001,4.6
50,916,5.0
185,554,
171,976,
83,190,4.2
177,889,4.2
53,318,3.8
70,45,4.0
168,760,3.4
58,1132,3.7
111,377,4.9
165,1027,3.8
176,686,3.9
108,800,4.5
159,385,4.1
44,296,
78,512,3.6
52,935,3.3
69,1076,4.6
149,1051,4.5
90,915,4.5
103,1268,5.0
163,967,3.6
21,391,4.3
21,401,3.5
9,836,4.3
187,695,3.8
33,883,3.7
168,1159,4.3
53,1186,3.9
110,1015,4.3
119,175,4.0
110,785,4.0
127,1236,3.9
8,16,3.9
66,300,4.3
96,1004,4.0
38,789,3.8
28,857,5.0
172,805,4.3
54,1269,4.8
142,614,4.7
25,776,4.5
89,145,3.6
136,13,4.3
78,1242,4.6
62,618,5.0
189,437,4.0
116,209,3.9
129,1128,4.3
93,670,4.2
93,613,4.9
33,1310,4.7
62,664,
90,961,4.4
94,355,3.6
189,681,4.2
178,1150,3.8
90,97,4.0
68,1136,4.7
146,523,3.9
142,991,2.9
197,1377,3.8
5,523,5.0
28,923,4.6
86,390,4.2
121,1330,4.0
153,775,4.6
100,888,4.6
108,499,3.6
72,1069,4.2
187,1069,4.4
94,1073,4.3
59,715,3.8
181,951,2.8
150,547,3.1
125,477,3.9
143,760,4.1
20,690,4.5
25,780,5.0
96,1114,4.9
184,318,4.6
84,53,3.6
13,406,3.9
131,1156,4.7
104,695,3.9
115,74,4.2
104,595,5.0
30,530,3.8
104,1133,3.2
82,455,
178,258,5.0
48,1212,4.8
102,1237,4.7
86,1038,3.2
190,804,4.3
98,673,3.6
79,224,4.9
70,888,3.9
143,517,3.7
197,1160,5.0
181,243,4.8
115,1018,3.8
5,910,4.9
110,559,5.0
189,70,3.2
67,68,4.6
76,337,3.9
12,728,3.9
90,527,4.8
43,509,3.7
182,1083,4.9
145,461,3.1
86,143,3.3
145,1382,4.7
65,72,4.8
30,814,4.1
109,553,4.4
95,1291,3.9
140,1369,4.6
191,715,4.0
129,519,4.3
5,1312,4.2
23,1337,4.3
77,1293,4.7
101,1243,3.7
22,1144,3.9
182,704,5.0
26,21,4.1
125,1163,4.4
109,119,4.7
93,923,4.1
161,688,4.9
88,1225,5.0
146,1183,4.1
46,583,
117,765,4.8
145,338,4.4
59,780,4.4
158,262,4.7
109,844,4.0
82,47,4.6
114,731,3.6
120,69,4.1
61,833,2.1
87,788,3.4
137,1254,3.1
51,1011,4.2
124,734,5.0
179,787,3.6
78,159,3.7
79,362,5.0
70,919,4.0
81,1178,4.2
137,1158,4.1
4,100,4.2
191,1281,4.7
94,1206,5.0
145,631,3.5
164,1303,4.0
24,1002,4.7
140,909,4.2
13,308,4.8
30,706,4.4
1,580,
65,1124,4.1
93,598,4.2
72,424,4.2
199,965,4.3
100,1221,3.8
180,27,4.1
179,6,4.9
122,584,4.5
148,972,3.5
29,974,3.5
81,771,5.0
146,1130,4.0
17,952,4.8
147,820,4.3
93,635,4.5
135,718,3.9
125,501,4.6
134,1032,4.2
105,467,4.6
138,1273,5.0
76,877,4.9
105,298,4.2
163,1149,4.5
100,1288,3.4
39,884,4.0
169,217,5.0
73,899,2.9
66,2,4.1
177,1181,4.8
31,1037,4.2
68,571,5.0
2,50,3.8
145,945,3.2
79,604,
78,752,4.1
78,300,4.7
109,651,5.0
133,105,4.4
152,92,3.1
152,166,5.0
89,1129,3.8
146,212,4.1
178,469,4.5
70,76,
2,1339,4.5
120,1060,
55,1263,3.9
181,440,3.7
18,67,3.6
188,977,4.2
149,763,4.3
60,274,5.0
87,1217,3.5
3,871,3.3
166,939,3.7
10,156,3.8
166,958,3.5
163,316,4.3
11,196,4.1
164,113,4.2
101,134,4.2
58,1222,4.1
133,311,3.8
39,143,3.1
93,104,4.2
48,87,3.1
141,1251,5.0
167,372,4.8
33,1174,3.4
167,1235,3.6
47,514,3.3
124,254,4.5
187,211,4.6
18,1038,4.2
40,1251,5.0
155,1146,4.3
18,1256,5.0
55,565,4.0
176,406,4.3
175,85,3.9
123,906,3.6
99,564,
158,1315,5.0
22,724,4.2
179,192,3.5
57,1139,3.2
191,1288,3.9
105,216,4.3
92,379,5.0
85,722,3.8
27,990,4.5
88,672,4.3
196,423,3.4
68,596,5.0
179,726,4.5
146,1033,4.9
179,705,3.8
10,1239,3.9
47,1167,3.8
11,966,3.3
107,231,4.1
198,282,4.2
71,222,4.1
181,836,4.3
108,260,3.5
106,963,4.4
165,1156,4.0
181,922,4.1
58,1350,4.4
95,1012,4.3
39,1342,3.2
103,194,3.8
111,1017,4.4
116,723,3.8
172,1208,4.9
17,754,5.0
31,909,4.0
161,604,
176,955,3.8
13,560,5.0
49,884,5.0
46,1200,4.6
65,479,2.8
55,155,4.1
66,1122,5.0
199,211,5.0
61,784,3.5
117,626,4.1
145,525,4.7
90,705,3.2
93,1209,4.3
189,281,4.4
175,1231,4.6
6,1038,3.2
72,1001,3.1
47,40,3.9
117,554,
198,706,4.4
82,835,5.0
158,1033,4.5
193,317,5.0
120,567,
108,1341,4.9
62,1334,3.7
169,884,3.4
65,603,5.0
172,104,5.0
128,1228,4.3
88,1043,4.0
140,1260,4.5
152,885,4.1
17,1210,4.6
148,633,4.8
196,499,3.6
98,14,4.1
190,955,4.9
186,1309,4.1
21,983,4.6
153,334,5.0
184,677,4.1
122,27,4.8
90,1320,3.5
156,232,3.5
65,8,3.9
24,1162,4.3
71,1092,4.9
89,513,3.5
92,302,4.4
143,1328,3.8
171,1376,4.2
148,661,4.1
68,278,4.2
33,63,4.0
141,1164,4.4
133,912,4.6
127,42,4.7
51,1287,3.0
65,171,4.9
187,1004,4.6
14,249,4.7
70,1183,4.4
24,703,4.3
116,245,4.4
84,653,4.0
127,1356,5.0
97,151,3.7
185,853,4.7
140,744,4.6
146,1190,4.5
186,461,4.1
108,1111,4.8
85,1165,4.5
114,748,4.3
37,1164,4.7
128,469,5.0
74,947,4.9
181,576,4.7
124,162,4.3
1,902,3.9
86,1161,
103,405,4.3
91,107,3.7
62,637,3.4
134,516,3.4
170,1231,4.0
150,1170,4.0
111,145,3.8
192,570,
156,99,4.2
185,1382,4.0
27,187,3.8
67,754,4.9
155,1316,4.8
38,822,3.9
110,963,4.2
28,1116,4.2
134,116,3.5
97,740,3.6
106,447,4.3
4,736,4.6
67,693,3.7
9,951,4.2
106,505,3.7
108,779,3.7
31,886,3.5
164,330,5.0
82,796,3.2
98,875,2.8
107,1107,4.2
94,1277,4.2
58,557,4.5
118,179,4.4
144,899,3.0
54,980,4.7
147,1006,4.1
111,350,3.5
152,332,4.6
192,1218,4.9
91,450,4.8
183,1165,3.1
192,614,4.6
65,689,4.4
52,300,3.9
115,177,3.9
120,767,4.4
11,1074,4.3
177,1230,3.1
200,956,4.4
45,937,4.3
68,1053,4.6
35,928,4.4
58,466,5.0
67,849,3.6
190,107,3.7
52,708,4.9
199,535,4.1
49,506,3.8
29,499,4.7
183,833,2.6
66,286,3.4
87,462,4.7
24,190,3.8
10,874,3.8
34,510,4.8
117,185,2.9
87,257,
176,1087,3.6
143,936,3.7
164,89,4.1
132,1186,4.0
2,382,4.8
63,693,4.0
151,1077,4.0
77,644,4.0
28,350,4.7
158,42,4.2
67,535,4.3
180,739,4.1
187,1048,4.7
150,855,3.7
93,884,3.9
186,1283,4.4
151,1008,4.5
188,866,4.9
118,361,3.5
103,553,4.5
125,1293,4.2
91,419,4.5
176,886,4.3
113,142,3.8
1,447,4.0
82,441,3.5
174,1311,3.9
126,714,3.7
48,842,4.4
44,1268,3.9
60,62,4.4
170,1378,3.2
100,782,4.0
187,265,4.4
76,678,4.9
197,920,4.6
77,1280,2.9
191,44,4.9
104,1179,4.0
30,1206,3.7
41,982,4.6
100,2,3.8
178,184,3.7
185,146,4.2
174,855,3.7
18,493,4.8
125,968,3.4
165,29,3.9
111,64,4.0
29,611,5.0
169,14,3.8
59,79,
35,1293,3.7
188,1012,3.6
33,293,4.8
66,200,4.6
181,1337,5.0
68,1034,4.2
132,1012,3.8
146,124,5.0
193,553,4.5
145,80,3.8
142,498,3.8
16,208,3.7
112,563,4.4
123,945,3.4
48,249,5.0
111,819,4.5
115,886,3.9
43,1260,4.7
82,280,4.7
53,493,4.3
180,435,3.4
80,1290,4.3
96,717,5.0
141,1165,4.4
37,477,3.3
43,936,4.0
81,1180,3.1
13,276,3.6
115,801,4.7
94,456,4.1
20,209,4.0
97,586,4.5
37,348,3.9
39,580,
107,944,5.0
65,23,4.6
67,488,3.6
144,1063,
87,1023,4.9
1,941,4.1
105,852,4.2
76,568,3.8
78,1198,3.9
74,17,
175,1013,4.2
26,1217,4.4
151,54,4.5
96,601,3.8
163,841,4.0
157,692,
81,385,4.5
183,914,4.1
176,253,4.0
40,1338,4.0
81,80,3.3
55,140,3.7
162,720,4.3
80,768,3.0
130,886,3.9
30,910,4.4
110,1288,4.2
129,1207,3.6
129,777,3.5
157,598,4.4
75,1223,3.5
112,348,4.0
18,609,4.2
19,328,4.3
171,738,5.0
4,1324,4.8
150,90,4.0
110,1113,3.8
62,590,4.4
122,1310,5.0
5,15,3.7
83,332,3.4
127,337,4.3
28,136,4.0
187,947,4.1
12,63,4.2
176,1074,4.7
196,909,4.4
195,951,4.6
143,512,3.5
63,975,3.9
81,262,4.4
168,720,5.0
69,72,4.4
145,938,4.2
21,24,4.5
122,637,4.1
43,407,4.0
126,688,4.4
152,81,4.5
22,625,4.8
96,271,5.0
73,924,4.4
32,1080,4.1
183,995,4.2
152,708,4.6
172,1030,5.0
143,1031,3.2
8,167,4.6
33,1301,4.2
123,1057,4.2
122,1224,4.0
58,810,4.3
65,1130,4.3
32,1362,4.1
128,357,4.1
58,1019,3.6
77,101,4.5
9,429,2.8
66,667,4.1
190,755,4.5
179,143,2.7
15,894,4.3
123,1107,4.4
4,73,3.8
168,219,4.3
136,386,3.7
137,1053,5.0
30,505,3.1
185,1017,3.8
15,919,4.0
20,760,4.0
187,1264,5.0
36,287,3.7
153,771,3.7
194,1236,3.6
164,911,4.0
158,272,3.9
149,1232,4.5
32,1076,4.6
171,165,3.7
166,988,4.7
148,1322,4.3
169,744,4.7
46,1379,3.8
94,1233,4.8
178,929,4.4
165,913,3.8
21,445,3.7
20,1084,3.8
83,626,4.6
12,390,3.9
153,985,3.8
99,674,5.0
13,964,3.9
35,395,3.2
158,309,4.4
89,34,4.0
94,967,3.8
141,352,4.4
189,1130,5.0
115,751,4.5
34,1234,4.5
144,558,3.8
36,1112,4.3
88,359,4.3
110,576,4.8
4,232,3.8
194,1326,4.7
191,745,4.1
50,718,3.7
93,668,4.3
167,859,4.3
16,1356,5.0
38,564,
90,985,2.6
12,780,3.2
22,71,4.4
139,1068,4.5
41,52,4.3
138,397,2.6
84,50,4.4
181,1128,4.4
140,339,5.0
60,760,4.5
109,482,4.1
81,174,4.1
192,1361,4.6
60,439,3.5
8,802,4.4
159,295,5.0
52,384,3.7
149,658,4.2
155,414,5.0
169,498,4.1
191,682,4.7
34,84,4.3
19,608,4.7
1,1115,4.5
69,552,4.9
93,661,3.3
200,33,3.5
62,1215,4.1
100,725,3.9
103,1345,5.0
34,1111,4.6
73,1035,4.3
177,1013,3.7
18,1173,3.8
193,656,4.3
159,354,4.6
60,54,5.0
53,1063,
12,453,
83,201,4.9
71,198,3.6
72,724,4.0
117,81,4.6
70,907,4.4
63,1135,5.0
37,562,4.4
68,513,4.3
23,903,3.6
177,489,3.8
170,442,3.9
10,413,3.2
197,1077,4.8
74,1258,4.5
15,1340,3.3
132,619,
61,975,3.6
7,93,3.7
71,86,4.9
103,602,
65,1285,3.6
133,515,4.5
124,608,4.7
90,234,3.1
158,98,4.0
64,1,4.0
109,379,4.6
192,1018,4.8
122,211,5.0
25,516,3.6
20,1141,3.3
74,796,3.7
64,1254,4.4
85,892,3.4
199,1081,5.0
164,1258,5.0
159,615,4.6
158,605,
74,1321,5.0
6,207,4.0
118,1359,4.1
196,50,4.5
114,574,5.0
93,189,3.7
106,696,4.5
106,253,4.7
41,238,3.6
150,5,4.1
30,1177,4.6
96,1008,3.8
55,968,3.9
199,1164,4.9
76,1214,4.4
2,1290,4.4
111,559,4.7
172,809,4.2
114,1298,4.5
184,296,
73,1031,4.2
142,1363,3.4
89,737,4.4
173,737,4.3
182,1065,4.0
70,1037,3.9
97,474,4.9
154,229,4.3
142,679,4.6
135,64,4.3
14,663,4.9
190,401,3.6
100,371,4.4
22,690,5.0
130,1377,4.9
181,1076,5.0
87,1122,3.4
96,313,4.5
129,1334,4.9
97,9,5.0
126,53,3.8
10,899,3.3
57,119,4.3
194,94,4.0
179,1139,3.9
26,78,4.7
23,118,3.9
89,759,4.7
73,110,4.1
116,1059,4.4
195,705,3.7
50,338,4.7
47,1285,4.7
200,494,3.5
100,749,4.8
64,1333,3.5
55,711,5.0
158,364,5.0
153,408,4.0
176,1307,4.3
130,1043,4.5
76,335,4.9
190,1167,4.3
185,1014,4.5
42,429,4.1
164,1137,4.3
148,1062,4.9
144,266,4.7
110,815,4.3
170,1098,4.4
124,274,4.6
186,1247,4.8
1,747,4.0
200,694,3.6
19,137,4.3
153,1289,4.3
127,140,3.9
74,496,3.8
189,898,2.4
164,1223,4.1
137,82,4.5
31,1141,4.4
149,242,
7,631,4.1
59,192,2.2
35,1164,4.2
123,1180,3.8
142,641,3.8
199,109,3.6
134,313,4.2
156,135,4.6
31,1279,4.4
153,966,3.6
92,204,4.3
93,1260,3.9
29,150,4.0
99,571,5.0
15,275,4.8
98,1267,4.2
193,1305,4.7
107,753,4.6
190,1171,4.0
41,1152,3.3
21,355,4.5
119,586,5.0
52,1043,3.9
134,691,4.4
101,1368,4.5
129,1385,4.7
130,706,4.3
90,61,4.3
161,799,3.3
5,1311,4.6
126,1370,5.0
168,1129,5.0
71,1287,4.0
101,525,4.7
56,828,3.6
54,1231,4.8
196,418,3.6
28,122,4.1
76,1367,4.1
88,1125,5.0
190,737,4.0
138,381,4.8
198,825,3.4
86,432,4.0
28,1296,3.6
200,1373,4.6
76,283,4.0
193,1078,4.4
9,385,4.6
73,786,4.9
47,676,3.5
156,747,4.3
87,936,3.4
152,210,5.0
137,880,3.5
13,188,4.3
188,237,
76,297,3.8
173,1134,3.7
113,800,4.5
86,524,4.7
120,1135,4.4
121,706,4.2
122,1370,4.2
91,1151,4.1
94,923,4.1
30,535,3.9
116,1015,3.8
47,544,3.9
61,1,4.4
181,837,3.8
115,1197,3.9
54,430,4.0
161,656,4.3
119,1378,4.6
71,309,3.6
124,256,
83,475,3.9
165,118,4.6
106,2,4.0
76,1365,4.2
54,548,
61,234,3.7
147,1103,4.7
130,659,5.0
31,958,3.4
24,972,3.4
42,1159,4.1
73,560,4.1
187,622,4.4
132,506,4.0
103,1367,4.7
10,818,3.7
167,654,3.2
146,811,4.1
181,1247,5.0
104,575,3.8
17,1256,5.0
26,377,4.1
36,172,3.8
86,1275,4.2
115,1198,4.0
22,199,4.2
118,908,4.6
166,590,4.6
199,1216,4.7
11,880,4.5
42,404,3.7
155,24,4.4
89,277,4.4
125,181,4.1
181,439,4.2
15,344,4.4
25,1335,3.3
139,781,4.0
177,32,4.6
33,1092,5.0
94,52,3.8
50,1195,3.5
120,207,2.7
162,1168,3.5
97,697,4.8
58,1110,4.3
70,835,3.9
192,224,4.2
31,307,
4,844,3.4
92,341,4.2
118,652,4.4
129,691,4.2
4,255,4.5
41,332,3.6
40,489,3.7
186,446,3.3
25,94,4.7
100,600,
51,472,4.2
143,428,3.7
197,1046,3.8
20,900,
153,464,
44,804,3.8
175,741,4.1
185,187,3.7
136,301,3.7
171,724,4.1
155,807,4.7
186,1157,5.0
59,1333,3.6
8,518,4.2
141,1135,3.5
98,765,5.0
85,157,4.5
153,230,4.6
46,377,4.5
98,296,
89,783,5.0
128,1222,4.4
138,411,4.8
67,331,4.3
131,30,3.9
111,1153,4.4
134,554,
143,1352,
24,1262,4.6
35,308,5.0
130,141,4.3
192,857,4.3
79,902,4.5
91,20,4.7
62,767,5.0
39,347,
52,452,4.4
82,1034,3.4
122,477,3.8
183,671,
157,359,4.4
12,322,4.3
36,1023,4.1
18,633,4.6
122,1131,4.0
175,805,4.0
16,1160,4.5
53,422,3.4
169,86,4.5
183,585,
195,1243,5.0
14,1201,2.6
63,1246,3.8
45,1239,3.4
166,774,4.1
27,1160,4.5
103,821,3.9
78,692,
44,1281,4.5
2,1253,3.8
69,1009,4.6
123,775,4.4
46,1282,4.0
104,566,4.9
139,1032,4.7
177,217,4.5
170,1040,4.6
166,925,4.5
3,6,4.2
166,973,3.4
170,950,5.0
193,1383,4.9
181,157,3.5
133,1219,4.9
36,843,4.2
43,522,5.0
200,347,
50,546,3.4
156,928,3.8
44,1028,3.7
165,373,4.1
126,1234,4.1
169,1376,4.4
132,742,4.3
36,101,4.3
195,1321,4.9
40,283,3.5
107,681,3.5
177,1100,4.5
26,933,5.0
166,415,4.3
195,33,4.8
51,617,5.0
58,1018,4.3
190,928,3.8
36,1338,4.4
47,408,4.8
194,143,4.6
91,885,4.3
159,446,3.7
186,1015,3.9
154,14,4.0
56,93,4.0
89,1087,4.6
137,152,4.1
109,409,3.6
43,187,3.9
126,732,3.0
27,1311,4.6
5,404,3.6
142,273,3.9
112,1355,3.6
11,471,4.1
193,1194,3.6
87,855,3.8
131,1111,4.4
1,402,4.3
130,519,4.0
71,601,4.3
77,745,4.4
33,627,
40,337,4.4
197,886,3.5
161,1352,
8,291,4.3
119,239,4.3
117,1292,3.9
116,855,3.4
196,881,4.0
134,1302,3.9
66,1037,4.3
60,1290,4.2
158,1157,3.5
125,343,4.4
14,932,3.4
53,687,4.1
119,681,4.4
77,684,4.3
84,697,3.5
139,539,3.7
34,1076,4.4
46,126,5.0
98,394,3.3
34,1028,4.6
83,738,5.0
36,613,3.4
83,1059,4.7
32,430,3.2
24,1047,3.3
13,536,4.4
89,970,4.7
101,287,4.2
62,263,4.8
196,752,3.4
193,370,3.6
34,762,3.3
105,995,4.0
82,1294,4.5
113,1369,5.0
117,805,4.5
119,794,4.2
180,535,4.0
82,770,3.3
45,1075,3.9
74,93,5.0
24,1316,4.6
129,155,4.0
166,324,5.0
57,833,3.2
156,1220,4.7
18,880,3.7
106,170,4.7
159,29,4.1
14,3,4.0
90,419,4.5
138,531,3.8
190,109,4.6
195,1110,4.3
189,702,3.9
123,102,3.3
108,957,3.6
74,350,5.0
5,68,4.0
115,477,3.8
188,2,3.9
88,288,4.5
20,533,4.5
106,628,4.4
169,437,3.2
123,924,4.2
15,611,4.1
185,475,3.5
105,921,3.2
60,885,4.4
104,53,4.2
52,268,4.0
91,373,4.2
13,246,4.6
53,1351,
149,13,3.9
59,622,4.9
34,606,4.6
102,1249,4.7
118,329,5.0
150,232,4.2
49,560,4.3
150,485,3.8
92,1265,5.0
44,246,4.1
60,952,3.9
52,1249,4.4
56,978,2.5
64,689,3.9
106,266,4.4
69,920,3.8
7,635,2.9
188,633,4.3
49,360,5.0
108,367,5.0
59,144,3.8
176,237,
142,139,4.0
153,601,4.5
175,47,3.9
79,837,4.2
177,1011,3.6
23,967,4.6
132,784,4.5
39,67,4.6
61,1065,4.6
66,72,4.1
99,117,4.9
160,256,
58,172,4.1
148,266,3.9
151,1050,5.0
145,1315,3.9
115,408,4.5
73,1053,4.3
24,162,3.4
135,1107,4.4
35,465,4.5
173,1101,4.6
183,1072,4.3
195,1371,4.7
110,574,4.6
113,997,3.6
92,1032,4.8
108,564,
112,275,4.8
196,560,4.6
140,215,4.2
174,76,
124,640,3.4
101,638,4.6
113,80,4.4
170,31,3.3
173,411,4.0
88,322,3.8
102,144,4.3
99,1077,4.3
111,25,3.8
77,1076,4.1
7,220,3.5
164,687,3.9
144,479,4.3
33,236,4.8
171,1293,4.4
95,1086,4.5
179,199,4.7
176,205,3.7
76,381,4.5
173,863,4.2
20,609,4.5
168,1107,4.8
113,870,4.7
74,360,5.0
82,1094,4.3
54,507,4.1
125,298,4.3
52,528,5.0
149,987,4.8
156,878,3.7
162,467,4.2
144,1172,3.8
18,978,4.4
49,443,4.8
117,1069,4.3
94,1004,4.3
168,311,3.9
170,571,3.8
174,670,4.0
75,1180,4.8
59,1119,4.2
124,862,5.0
7,488,4.4
113,1295,4.5
59,1240,5.0
8,606,5.0
47,532,4.2
100,489,4.2
200,1069,4.5
71,953,4.3
132,271,4.6
29,661,5.0
195,503,4.3
142,115,4.2
181,1328,4.5
122,448,4.1
113,732,2.6
126,1258,4.9
196,1138,3.9
104,148,3.8
158,440,3.1
144,35,4.5
60,1286,4.3
124,414,4.5
179,720,5.0
200,1028,4.0
163,1186,3.4
192,523,3.6
44,714,4.7
111,1268,4.6
32,761,4.3
32,210,4.3
26,929,3.8
45,263,5.0
115,646,
137,1042,3.2
38,687,2.7
67,1078,4.5
113,550,4.7
144,982,3.7
133,139,4.4
31,918,2.9
37,1219,4.0
181,971,3.4
194,943,4.9
141,809,4.7
154,101,4.6
69,614,4.5
112,1034,3.1
89,569,4.0
61,32,3.9
196,245,3.5
28,878,3.7
192,815,4.1
116,693,3.8
32,427,4.3
57,596,4.7
170,488,4.2
114,525,4.1
171,372,4.7
70,399,3.5
146,1273,4.6
58,1157,5.0
95,999,4.5
100,1380,4.0
71,540,3.9
126,408,4.5
117,1254,4.4
84,798,3.9
144,427,3.8
4,98,4.5
18,755,3.9
125,140,4.0
23,991,4.4
120,64,4.4
97,252,
50,1157,3.5
139,1132,5.0
21,1024,4.8
142,421,4.0
75,288,4.0
143,647,4.4
149,1208,4.4
104,112,3.5
73,585,
124,999,4.2
78,1349,
151,644,4.2
13,121,5.0
120,863,3.7
146,1197,3.2
80,1315,4.0
5,431,2.9
118,60,4.3
134,294,4.3
169,499,4.1
161,434,3.7
32,665,4.1
76,18,4.0
157,782,4.5
123,811,5.0
195,35,4.3
101,629,3.8
191,378,4.2
9,1081,4.1
19,459,4.4
154,930,5.0
144,711,4.6
167,1041,4.1
156,1359,3.9
102,1135,4.8
138,135,3.2
123,74,4.2
128,398,3.4
83,296,
64,61,4.0
134,1132,3.9
41,411,4.7
10,143,3.5
165,733,4.6
128,360,4.5
43,1155,4.2
143,9,3.5
181,1162,3.7
122,225,4.7
59,717,3.2
187,1002,3.9
103,863,4.7
97,1195,3.5
54,542,3.4
165,684,5.0
175,612,4.6
147,1202,3.8
167,1179,4.1
145,1166,4.8
20,1305,3.7
68,231,5.0
151,220,3.2
63,859,4.1
156,417,4.5
150,1038,4.4
10,977,3.7
1,164,3.4
166,284,5.0
8,389,3.7
127,39,3.8
146,1353,
20,281,4.4
166,69,4.6
180,348,4.0
8,53,4.1
145,643,5.0
55,1026,4.3
158,938,4.1
196,514,4.2
131,1162,4.4
159,1257,3.4
34,1230,3.2
10,35,4.2
95,1205,3.7
111,1240,5.0
67,1160,4.9
28,1246,4.6
50,620,5.0
73,259,4.2
118,1097,4.7
166,1346,
122,454,3.9
155,38,4.1
105,958,3.9
175,649,4.7
41,1100,3.8
104,917,3.3
43,545,4.0
77,1370,3.9
99,631,4.3
185,837,3.3
80,778,4.0
114,751,4.3
137,128,4.8
59,185,4.0
138,226,3.9
15,594,4.4
109,571,4.0
104,256,
34,871,4.6
71,667,4.6
40,910,4.1
164,47,4.5
122,232,4.3
61,505,3.0
87,495,4.2
78,774,4.7
132,906,4.0
173,364,4.2
169,889,4.3
103,125,4.7
179,766,4.3
164,220,4.1
117,1117,3.5
48,738,4.0
155,89,4.3
155,513,4.0
66,461,3.8
63,569,4.5
50,406,3.5
186,815,4.8
184,284,5.0
184,283,4.0
45,694,3.4
152,1361,4.2
86,123,4.6
65,525,4.7
42,231,4.9
116,343,4.8
82,321,4.5
112,1184,4.2
44,517,3.6
151,698,4.4
94,1166,4.5
79,1194,3.9
113,937,4.0
134,775,3.1
162,389,5.0
46,663,3.8
183,761,3.8
21,729,4.2
188,391,3.8
171,101,4.0
97,1171,4.3
146,413,4.6
61,86,4.0
152,411,4.5
76,669,4.1
189,1208,4.2
144,601,4.3
83,680,4.1
123,1132,3.5
138,808,4.6
85,266,4.1
7,578,4.0
151,524,4.1
51,150,4.7
160,380,4.8
107,395,4.7
48,1274,3.5
142,478,4.1
3,1060,
9,1200,4.1
51,320,5.0
48,456,4.2
45,167,4.7
29,578,4.4
35,1329,5.0
81,277,3.9
11,892,3.7
27,1031,4.2
151,559,5.0
48,1077,4.7
15,1133,4.0
5,325,4.2
76,1315,3.6
182,267,4.3
62,32,4.6
87,555,4.8
63,687,3.4
18,281,4.8
91,1046,4.5
68,847,3.6
11,441,4.0
104,258,3.9
151,718,3.9
60,562,4.9
12,958,4.1
163,654,4.5
52,223,3.8
5,206,3.9
33,1217,4.3
176,814,4.3
11,287,4.9
116,251,
50,996,4.2
141,1352,
56,691,4.8
60,427,3.5
68,1086,3.8
37,1129,3.9
117,1241,4.6
175,200,4.3
22,826,4.0
113,194,2.9
50,974,3.5
112,108,2.7
172,881,4.0
51,716,4.7
115,350,3.6
1,815,4.3
45,1108,4.2
195,797,3.1
32,678,4.5
143,45,3.6
27,30,5.0
198,935,4.2
139,74,4.5
53,242,
83,801,3.9
60,1356,5.0
181,678,5.0
23,1187,4.1
190,1276,4.9
56,463,3.8
63,52,3.3
187,844,3.9
133,1223,4.7
83,318,4.0
125,963,4.7
69,453,
135,61,4.5
36,849,3.3
93,314,4.5
9,690,5.0
20,243,4.3
177,771,4.7
8,199,4.1
124,1048,4.1
98,1283,4.1
74,716,4.2
149,1072,3.9
86,553,5.0
156,10,4.8
64,1301,4.4
63,933,3.4
109,1345,4.0
196,900,
34,1170,3.8
19,115,4.7
83,1301,4.2
6,848,4.6
142,1079,4.5
84,1279,4.1
50,684,4.4
6,1189,4.4
157,123,4.2
198,542,3.9
124,321,4.5
82,1096,4.4
62,866,4.8
15,83,5.0
153,22,4.6
123,144,4.2
31,1379,4.2
12,1334,4.3
183,665,3.8
98,874,4.1
186,1074,3.9
99,321,4.6
103,428,2.1
14,710,4.2
75,933,4.1
94,1197,3.5
200,222,3.7
132,629,4.1
123,128,3.9
5,469,3.7
126,800,4.8
187,378,4.5
13,1005,5.0
179,834,4.5
48,1007,4.8
4,704,4.4
180,886,3.9
56,1050,3.9
60,1147,4.1
77,1015,3.5
2,136,3.5
86,160,4.4
25,337,4.4
42,1109,3.9
83,193,3.2
134,1275,4.6
116,135,4.5
84,356,3.9
194,694,5.0
66,1318,4.4
49,645,4.6
182,1334,3.4
170,960,4.7
2,823,4.5
101,155,5.0
131,1019,4.0
31,20,3.5
128,1226,4.5
48,445,3.1
97,637,3.7
69,65,5.0
85,391,4.2
154,635,3.9
131,716,3.1
165,1336,4.3
198,400,4.4
135,83,4.2
194,974,3.1
49,56,4.5
26,176,3.5
59,826,4.2
89,690,4.2
28,826,4.4
17,571,4.3
43,478,3.8
52,932,3.2
28,576,5.0
20,248,3.6
83,722,4.6
7,720,3.9
72,1282,4.7
57,284,5.0
86,461,4.7
86,348,4.3
107,1319,4.4
116,897,3.6
45,687,4.6
192,656,4.3
157,405,4.5
162,269,4.0
6,526,4.3
18,759,4.7
159,532,3.4
9,668,4.6
24,611,5.0
151,721,5.0
12,533,2.9
166,291,4.7
37,932,3.5
42,223,4.1
195,580,
137,851,5.0
97,735,5.0
91,331,4.3
114,624,5.0
37,963,4.0
9,480,4.4
129,169,5.0
129,835,4.5
114,494,4.1
49,959,3.9
69,546,3.2
111,1204,5.0
19,856,4.0
156,542,4.1
126,1096,4.8
152,120,5.0
125,416,4.6
102,470,
107,981,
120,1216,3.5
91,977,3.7
88,1158,5.0
159,520,3.2
12,798,3.8
107,1073,4.9
71,197,4.2
173,668,4.8
104,1017,4.2
99,763,4.3
107,1021,3.9
74,72,3.4
162,897,3.4
4,1333,4.3
60,290,3.9
37,267,5.0
151,51,4.3
174,478,3.7
150,1003,3.4
72,307,
150,1056,4.7
23,1224,4.1
117,1127,5.0
3,981,
100,673,4.7
81,29,3.7
119,1295,3.6
75,814,4.7
59,1225,4.5
72,368,4.1
62,480,3.8
83,894,3.9
182,132,4.6
112,12,4.4
26,242,
76,623,4.5
125,144,2.7
14,968,4.1
188,871,4.5
162,451,3.6
39,203,4.3
30,487,4.2
6,128,4.6
107,1035,3.9
86,510,3.8
193,600,
38,703,4.5
174,1315,3.9
91,86,4.3
47,293,3.8
149,558,4.0
85,1091,5.0
152,1100,4.9
108,596,4.7
62,336,4.0
188,1232,4.4
187,396,4.4
34,193,4.6
112,661,4.5
23,456,4.4
177,1352,
124,1033,4.5
143,610,4.4
49,747,4.4
152,838,3.2
84,1294,4.8
132,1264,4.8
95,740,4.1
49,1284,3.9
123,1071,4.3
129,423,4.8
117,51,4.4
126,783,3.9
86,136,3.9
160,225,3.2
23,323,4.5
34,1255,4.8
53,1008,4.5
111,339,4.2
74,845,4.0
158,612,5.0
3,1250,4.2
159,1074,5.0
36,25,4.3
23,82,4.8
23,531,4.1
14,538,3.4
130,439,3.2
139,871,3.6
146,964,4.6
130,912,4.2
155,611,4.1
94,573,
200,937,4.1
130,281,4.1
133,103,
198,86,4.1
4,759,4.5
161,379,3.9
25,745,5.0
114,505,4.5
148,20,4.0
63,1193,4.1
126,1117,5.0
190,56,3.9
178,655,4.8
10,538,3.8
159,837,4.1
167,720,4.8
181,23,3.9
62,743,4.4
172,1283,4.4
41,240,4.5
200,1343,4.0
95,683,4.6
125,40,4.5
31,1150,5.0
98,997,4.7
47,1235,4.7
98,838,3.1
171,149,3.4
178,1052,2.7
49,940,4.0
67,1195,3.0
182,1147,3.5
154,629,5.0
3,288,3.9
15,1199,4.3
10,1117,4.4
116,963,4.3
129,457,
14,593,4.2
21,325,3.6
19,949,4.4
198,545,3.7
184,851,3.3
119,357,4.1
38,42,4.8
83,993,3.4
153,269,4.1
142,317,4.9
81,974,3.1
121,1211,4.0
178,191,3.4
88,126,4.4
93,186,3.5
27,149,4.9
136,1083,4.5
179,975,4.6
189,625,3.9
37,608,5.0
91,276,5.0
81,23,5.0
72,926,4.0
34,1322,3.8
55,1000,3.1
50,247,4.4
145,295,5.0
77,791,5.0
169,1055,3.5
115,45,4.2
41,353,4.6
32,1154,
40,719,4.2
167,525,5.0
19,73,4.9
185,497,3.8
46,828,5.0
77,1309,4.3
66,87,4.5
35,698,5.0
68,1200,4.1
58,1357,4.6
153,1335,3.5
64,1085,4.7
158,1337,5.0
102,383,5.0
170,312,5.0
134,384,4.2
98,213,4.7
48,707,4.4
161,388,4.5
190,927,4.1
140,1292,4.1
189,1342,4.6
196,594,3.8
161,336,3.6
163,996,3.9
52,676,4.0
47,809,4.7
91,694,3.7
56,784,4.6
101,700,4.5
9,1314,5.0
3,623,4.1
195,1053,3.9
182,136,4.2
104,1244,4.1
31,839,4.7
1,1004,3.7
180,119,4.7
95,1209,5.0
152,702,4.2
27,522,3.1
42,908,4.1
1,1259,4.2
48,25,4.3
174,506,3.2
77,450,4.1
130,916,3.4
6,441,3.4
31,397,3.3
54,1026,2.9
35,754,4.9
96,992,4.2
41,924,4.1
174,361,4.3
77,535,4.3
173,862,4.0
134,940,5.0
144,345,5.0
102,535,4.0
68,948,4.5
69,1312,5.0
185,1055,5.0
29,179,4.6
119,485,4.5
171,1297,3.5
19,1318,3.6
122,711,3.8
159,882,4.4
190,1205,5.0
105,1099,4.9
20,359,4.7
164,276,4.8
143,64,3.8
196,911,3.4
122,780,5.0
97,339,4.1
58,55,4.5
92,202,4.0
38,308,4.8
132,207,3.9
172,11,4.6
178,857,5.0
12,1279,4.0
157,618,4.2
59,552,3.8
92,499,4.1
24,1248,4.1
47,180,4.7
127,804,4.8
14,141,3.9
121,975,3.7
22,807,4.4
116,521,3.8
172,80,4.8
161,921,4.5
90,165,3.5
182,563,4.7
105,773,4.3
19,941,3.3
49,1356,3.7
95,537,5.0
192,42,4.8
116,1145,4.7
103,946,3.8
158,385,2.4
160,985,4.0
45,982,4.1
22,81,3.7
89,815,4.5
29,808,5.0
94,286,4.9
21,1144,4.6
126,25,4.8
65,1362,4.7
53,192,4.0
12,664,
97,1156,4.0
76,962,4.7
123,797,4.3
3,1304,4.3
118,471,3.2
179,35,4.3
79,470,
155,1367,4.6
184,291,4.2
108,312,3.3
13,557,5.0
172,18,5.0
148,367,4.4
63,993,4.0
125,791,4.0
131,902,4.4
136,300,4.4
100,563,4.5
147,537,4.8
17,385,3.4
77,1031,4.1
17,1099,4.0
104,1282,3.3
67,900,
119,1156,5.0
49,192,3.5
136,863,4.4
27,490,3.7
31,122,3.4
114,134,4.1
103,209,4.2
128,747,5.0
48,236,5.0
73,781,3.8
137,860,4.2
155,661,4.4
76,591,5.0
160,915,5.0
62,1157,5.0
96,549,2.3
84,1385,4.4
2,803,3.8
101,1372,4.5
51,138,3.7
98,636,4.4
100,965,4.4
50,284,4.0
70,1151,4.0
26,905,
170,1238,4.8
42,1166,3.7
117,437,3.7
160,1031,4.0
16,219,4.4
128,925,4.2
128,1039,3.6
138,887,3.3
126,1153,4.9
172,894,4.3
191,1263,4.8
185,164,3.9
4,1004,4.6
27,89,5.0
30,732,2.2
32,544,4.1
8,368,4.9
177,788,4.3
187,1191,4.4
177,1196,3.9
48,1041,4.3
85,1321,4.2
66,346,4.4
176,1228,4.0
23,615,5.0
169,971,3.3
121,1301,4.6
7,21,4.6
90,227,3.8
128,49,4.4
90,184,3.9
170,1082,4.5
2,1143,4.3
91,299,5.0
191,1070,3.6
26,688,4.2
112,909,3.8
83,964,4.6
107,77,4.8
127,1287,3.7
141,1209,4.6
155,1171,4.9
31,732,2.9
16,543,4.0
44,497,4.1
1,416,5.0
150,64,4.6
183,702,3.5
27,835,4.6
157,411,3.7
71,338,4.1
10,336,4.0
174,160,4.2
192,1297,3.7
11,567,
30,380,4.9
104,455,
82,996,3.8
19,1270,4.7
92,824,
39,1306,4.4
191,1009,3.7
145,808,3.9
141,414,4.5
165,1284,4.4
59,916,4.6
3,804,3.4
10,188,3.6
2,710,4.4
90,937,4.0
16,754,3.5
23,1240,4.8
41,953,3.3
75,1294,4.4
183,1211,4.3
163,446,4.2
120,375,4.5
118,509,3.7
43,1249,4.3
105,520,3.3
49,46,3.9
66,125,4.3
33,1089,4.6
191,546,4.0
132,639,4.4
111,131,4.5
65,1244,4.4
171,463,3.6
80,841,3.0
99,634,3.9
133,1274,5.0
7,704,4.2
69,171,4.0
24,353,4.8
37,611,4.7
183,375,3.7
135,119,4.1
183,274,4.9
41,196,3.7
99,541,4.2
65,167,4.5
182,210,4.5
17,222,4.1
8,433,3.3
154,763,3.4
169,428,2.5
111,20,4.4
32,1298,4.1
139,1117,5.0
104,574,4.1
68,777,4.5
197,401,3.9
116,390,4.3
188,1001,5.0
188,663,4.5
121,976,
72,45,5.0
89,148,3.3
89,415,3.9
108,208,4.1
64,797,4.6
192,297,5.0
22,918,4.4
67,658,4.3
113,4,4.8
137,823,4.6
38,751,3.4
40,213,3.8
99,647,4.2
102,504,3.9
136,755,3.7
25,631,5.0
125,930,3.5
23,504,3.8
176,833,3.7
99,595,4.3
65,1254,4.1
145,1095,4.5
196,1211,4.8
94,23,3.7
189,576,4.8
127,494,4.6
193,832,4.4
96,339,4.4
41,864,4.3
51,520,3.4
122,932,3.7
53,537,3.6
71,732,3.4
200,938,3.0
61,1238,3.9
141,362,4.4
175,66,4.6
44,1101,5.0
2,728,3.4
183,269,4.7
120,121,5.0
114,258,3.6
157,727,3.6
77,808,4.4
34,864,4.6
121,644,4.6
33,972,3.2
28,602,
111,1033,3.6
69,1121,4.8
139,837,3.8
15,4,4.1
188,526,4.6
14,812,3.1
114,841,4.0
62,733,4.3
52,1162,4.3
145,1176,3.2
154,1050,4.4
28,6,4.4
80,872,4.8
132,1220,4.2
139,1341,3.6
186,297,5.0
71,131,3.1
80,238,5.0
158,573,
147,453,
128,750,5.0
159,261,4.6
67,452,3.3
16,1345,5.0
159,1208,4.4
127,663,5.0
87,39,4.2
115,1286,4.2
149,326,4.6
44,920,4.3
16,920,4.7
102,775,4.3
151,623,4.6
102,461,3.6
126,766,3.6
34,869,5.0
144,175,4.2
192,790,3.7
174,963,4.9
70,385,2.7
184,831,4.9
68,308,4.0
109,25,4.8
173,230,3.6
55,1370,4.6
156,1257,4.8
64,595,4.3
139,1052,3.1
55,859,5.0
31,21,4.6
98,171,5.0
161,1096,4.6
66,228,3.4
148,60,4.0
156,1214,4.4
128,1256,4.1
2,1319,4.4
75,649,4.6
167,102,3.9
188,483,4.2
34,527,3.6
33,1131,3.6
175,626,4.0
19,43,3.9
24,72,5.0
50,600,
70,596,4.6
63,133,3.3
158,1216,4.8
129,550,3.6
184,1286,4.4
146,1326,3.7
144,1283,4.2
111,646,
129,821,3.8
166,746,4.7
9,252,
78,1070,4.6
6,7,4.6
182,1141,3.7
145,802,3.8
73,1000,2.9
89,732,2.0
186,488,3.6
84,1003,4.0
169,38,5.0
39,175,3.5
48,1332,4.0
115,1295,3.6
63,1105,4.6
174,620,4.3
172,779,3.7
46,1193,4.1
59,88,4.0
55,973,3.9
73,936,4.3
49,607,5.0
193,1102,3.6
135,760,4.5
118,731,5.0
70,1221,4.9
44,1077,5.0
41,51,4.2
137,360,4.8
13,143,3.4
109,407,4.1
21,1346,
129,1258,4.6
31,387,3.7
156,354,4.8
142,550,4.3
52,700,3.9
174,976,
160,1083,4.4
136,489,3.8
54,596,5.0
165,947,4.2
130,204,5.0
134,826,4.1
95,172,3.9
181,198,3.2
105,77,4.4
56,1086,4.0
190,1144,3.9
76,92,2.7
39,332,4.4
188,843,3.6
66,1031,3.5
190,1146,5.0
198,1067,3.9
197,1279,5.0
138,432,4.3
107,892,3.7
122,962,4.5
120,634,4.8
127,525,3.3
105,364,3.4
187,1247,3.7
110,582,3.5
19,1066,3.9
178,452,3.6
129,1311,4.7
189,624,5.0
154,198,4.0
150,1154,
44,1219,3.7
99,1050,5.0
116,831,4.8
109,738,4.3
191,1085,4.5
149,777,5.0
18,210,4.0
120,484,4.1
42,817,5.0
22,612,4.8
197,471,3.1
125,403,3.6
83,705,4.8
17,427,4.4
166,780,4.5
107,1144,4.5
157,1296,3.9
72,1059,4.4
101,281,3.9
31,896,3.1
152,751,3.5
181,484,4.8
35,476,2.7
156,398,2.6
141,140,3.9
132,725,4.5
192,447,4.8
97,532,3.6
114,1042,4.4
69,1212,4.8
168,1220,3.8
55,1298,3.9
182,373,4.0
194,220,4.2
128,283,4.7
89,1032,4.9
91,414,3.7
131,988,4.2
99,388,3.8
84,1113,4.2
4,148,3.1
65,679,4.5
19,798,4.1
137,969,3.9
58,295,4.1
142,420,4.0
167,1379,4.7
48,888,4.2
101,13,4.6
139,132,4.6
30,1294,3.9
55,670,3.3
119,9,3.8
152,410,3.8
96,589,5.0
18,315,3.2
129,1365,4.3
82,354,3.7
22,1325,4.9
108,778,3.9
63,716,4.2
54,805,4.3
121,503,3.2
80,514,3.9
48,1287,4.5
30,1203,4.4
101,694,5.0
138,997,4.5
174,20,3.1
178,836,4.3
25,359,4.6
116,732,3.0
41,805,3.8
99,155,4.1
197,309,3.8
1,1326,4.7
148,1191,3.8
186,816,4.5
74,581,
180,1232,5.0
29,341,4.9
112,135,4.7
114,1352,
98,466,4.2
15,1370,4.2
13,301,4.4
56,1029,3.9
152,546,3.0
174,331,4.5
27,500,4.3
141,206,3.8
177,253,4.2
33,93,4.6
188,1365,3.9
94,675,4.2
161,61,4.5
118,693,4.3
112,779,3.9
109,623,4.3
76,1346,
194,1101,4.0
36,897,3.6
127,335,4.3
66,1197,4.9
20,461,3.8
70,332,4.5
131,1099,3.4
128,11,4.7
65,1123,5.0
145,887,3.8
52,435,3.8
174,261,3.6
88,199,3.2
49,1054,4.3
179,322,4.2
197,326,5.0
194,706,4.5
24,1293,3.5
70,86,4.7
60,234,4.1
75,394,4.4
4,904,4.6
30,1103,5.0
199,439,3.1
124,1204,5.0
105,670,3.9
19,854,4.8
69,987,4.1
33,881,3.7
183,554,
100,152,3.3
134,1168,4.7
135,582,4.1
110,1283,4.2
41,555,4.6
43,868,3.4
103,727,5.0
23,555,5.0
124,66,4.2
109,888,4.5
53,12,4.7
155,1155,4.7
4,504,3.5
120,717,4.3
27,277,3.8
42,389,3.7
147,1172,3.7
126,459,3.3
82,1112,4.5
18,711,3.8
160,816,4.5
110,851,4.2
120,344,4.0
143,563,4.3
142,914,3.7
150,744,4.0
2,1177,3.6
162,594,4.5
2,1337,3.9
151,38,5.0
92,1184,3.6
14,633,4.5
80,1301,5.0
39,373,5.0
140,257,
163,826,4.4
60,956,3.4
123,281,3.9
152,717,4.8
125,333,4.4
56,455,
1,1296,3.0
171,41,4.6
47,908,3.5
113,575,5.0
83,763,3.9
121,698,4.6
60,92,3.1
126,1336,3.9
113,1285,5.0
42,529,4.2
127,1262,4.4
19,1,4.7
198,376,5.0
144,97,5.0
85,595,4.8
5,194,3.9
5,1052,4.4
136,321,3.3
167,471,4.9
119,180,4.2
153,795,4.0
113,350,4.6
110,394,3.8
176,366,4.3
97,779,4.0
90,1010,2.3
198,504,4.4
29,766,4.3
105,770,4.5
56,70,3.3
192,173,4.2
187,905,
21,484,3.6
78,1370,4.9
52,986,4.2
93,1288,4.7
148,1355,4.3
24,1147,4.7
182,894,3.8
124,361,4.2
159,514,4.4
107,64,5.0
152,458,3.3
38,1310,4.6
35,679,3.6
152,835,4.4
193,191,3.5
124,897,4.0
15,323,3.6
156,434,2.8
10,546,4.0
64,450,3.6
83,246,3.9
17,1224,5.0
50,959,4.5
182,1051,3.5
105,1154,
90,181,4.2
107,850,4.1
150,56,4.0
178,194,4.0
111,590,5.0
54,219,4.3
152,802,4.0
122,1155,4.1
109,473,2.6
153,521,5.0
167,1123,3.7
25,228,3.9
168,447,4.9
159,1243,3.7
163,27,4.1
160,870,3.1
122,1153,4.5
142,1227,3.7
195,1208,4.1
21,440,2.7
141,158,3.8
180,674,5.0
197,1369,4.8
87,421,4.1
199,404,3.9
129,920,3.8
189,29,4.6
139,594,4.5
197,723,4.3
157,1119,4.0
24,794,3.3
147,657,4.4
73,87,4.2
181,800,5.0
179,626,4.9
57,81,4.3
148,339,4.6
167,1059,3.8
10,520,3.9
110,658,4.0
43,289,4.3
198,111,4.3
191,768,4.5
95,1112,4.6
106,277,4.3
26,1157,4.2
13,1040,4.7
159,799,3.6
108,43,4.6
71,195,4.0
146,1311,4.0
167,637,4.9
40,259,4.1
132,1312,3.7
173,873,5.0
136,552,5.0
174,300,5.0
85,612,3.9
117,1193,4.1
145,1051,3.8
186,460,3.5
67,174,4.4
100,476,3.4
25,108,2.8
56,1041,5.0
175,1113,3.3
160,96,4.0
181,1008,3.7
152,480,3.0
108,274,4.6
103,94,4.0
4,1363,4.3
193,500,5.0
50,856,2.9
106,1282,4.0
42,1276,4.1
184,935,3.8
77,416,5.0
64,524,4.5
193,799,3.5
148,652,4.3
200,183,4.2
135,541,4.7
21,1233,4.4
164,644,4.2
24,233,3.7
151,941,3.6
6,985,4.5
15,531,4.0
95,1115,4.6
37,186,4.2
66,763,4.5
29,375,4.7
147,572,5.0
97,920,3.9
136,1363,4.6
12,337,4.5
178,855,3.1
140,530,4.1
60,1217,4.2
37,785,4.9
14,1176,3.6
105,303,5.0
32,671,
10,1000,3.7
136,981,
174,323,4.7
70,681,4.8
172,1010,3.2
86,201,4.4
73,829,3.9
96,790,4.6
199,173,4.4
123,915,4.5
56,45,4.0
25,972,3.6
57,59,3.6
81,860,4.8
126,273,4.1
92,1380,4.3
146,339,4.7
22,1294,3.7
173,860,4.1
176,1325,4.2
88,527,3.5
173,887,4.6
102,41,5.0
127,521,4.2
171,1048,2.9
182,473,3.6
124,538,3.6
195,699,4.2
14,1314,5.0
118,1316,4.5
175,236,4.7
148,689,4.4
52,285,4.7
81,43,4.9
161,190,3.1
64,702,3.7
159,344,4.1
80,808,4.7
151,1290,4.5
146,989,4.1
164,1135,4.3
26,1103,4.0
57,1230,4.0
121,669,4.1
19,1148,4.4
27,347,
172,252,
117,1018,4.1
170,128,4.2
173,1019,4.5
15,748,4.5
194,1113,4.0
44,287,4.6
7,1020,4.8
51,517,3.4
45,287,3.7
112,797,4.7
178,862,3.8
51,213,4.1
8,779,4.5
14,1035,4.3
184,547,2.7
29,124,5.0
169,983,4.0
45,1104,4.1
64,388,4.6
16,44,4.8
135,815,4.7
99,1380,4.8
136,765,4.4
121,634,3.9
159,696,4.4
84,992,3.3
162,118,4.7
170,413,4.0
146,254,4.3
86,407,4.1
52,1106,4.0
132,748,3.2
1,491,4.3
44,999,4.1
182,1035,4.1
197,1268,4.8
188,1062,3.6
92,91,4.1
180,922,3.6
27,821,3.2
93,718,4.2
46,629,4.4
111,139,4.3
123,507,4.1
87,537,4.5
95,929,4.5
128,1125,5.0
171,310,4.6
120,1231,4.2
118,823,4.0
34,694,4.2
112,792,3.8
115,321,3.8
168,930,4.7
200,888,3.8
90,1145,4.7
33,1364,3.8
68,822,4.3
15,900,
94,1275,4.6
26,866,4.4
57,258,4.5
185,443,3.2
37,1169,5.0
27,1085,4.8
139,1314,5.0
41,888,4.8
53,1299,5.0
156,1236,4.2
200,831,4.8
55,806,3.2
29,278,3.8
72,745,4.3
16,1302,5.0
87,773,3.9
169,1153,4.1
30,1378,3.8
21,746,4.2
159,951,3.4
163,592,5.0
51,815,4.4
60,637,3.4
64,1245,4.0
23,1363,4.4
66,941,3.5
85,967,3.4
103,829,4.1
158,1025,4.2
122,279,4.8
153,820,4.6
62,433,3.1
34,487,3.5
149,444,4.3
146,203,3.5
102,1331,4.4
57,368,3.4
82,1219,4.1
105,13,4.5
3,1156,5.0
135,939,3.8
103,810,4.3
178,1307,4.2
106,1249,5.0
193,298,3.9
183,27,4.3
21,208,4.1
155,1116,4.2
78,177,4.4
71,98,3.6
177,775,4.7
154,884,3.1
111,73,3.4
168,858,3.6
59,677,4.8
81,844,3.7
80,1271,5.0
30,1371,3.4
65,4,4.1
164,485,4.2
197,1102,3.5
58,1003,3.9
86,969,3.3
80,165,3.4
61,55,4.4
90,449,4.1
85,931,3.6
79,182,
2,745,4.3
15,494,4.5
110,516,4.7
127,274,4.9
69,218,3.5
173,264,3.6
47,594,5.0
139,172,5.0
23,1166,4.7
160,632,3.8
16,792,4.6
87,1007,3.6
128,447,3.9
88,1166,4.2
96,1025,5.0
102,14,3.7
127,872,5.0
132,843,2.9
83,1098,4.1
86,339,4.3
74,1304,5.0
113,630,3.7
105,237,
54,809,4.9
114,1271,4.1
57,683,4.1
194,596,4.8
35,299,4.7
55,981,
124,1198,4.4
148,509,4.2
183,183,4.4
197,1192,4.3
53,527,4.1
112,653,4.2
160,299,4.2
43,669,3.8
200,223,3.7
190,289,3.3
48,1195,3.9
30,713,3.8
184,622,3.9
29,1277,4.9
104,230,3.3
159,90,5.0
164,1195,4.0
107,162,4.1
111,1165,4.5
163,547,3.6
59,250,4.5
157,468,3.0
187,871,4.4
167,232,5.0
41,1314,3.9
78,867,4.3
122,252,
110,443,5.0
197,1165,4.4
126,510,4.1
57,577,4.3
158,263,4.5
110,302,3.9
145,79,
32,730,3.9
91,582,4.7
25,1281,5.0
114,1101,3.5
18,515,4.4
179,1106,4.5
35,1278,4.0
175,493,4.5
39,1090,3.8
15,111,2.7
82,485,4.4
106,618,4.4
171,1123,3.9
60,1008,4.5
98,1012,3.8
163,857,4.8
190,558,4.2
165,954,3.5
30,681,4.7
81,102,4.2
90,257,
41,559,4.8
148,27,4.2
117,1340,4.9
148,357,4.4
189,490,5.0
72,19,4.0
7,1290,2.9
14,1385,4.5
94,1050,4.3
194,652,3.7
128,941,3.1
189,451,3.5
156,1116,5.0
58,95,4.2
125,147,4.0
116,406,3.5
177,409,3.5
4,315,3.6
56,189,4.3
73,386,3.7
58,1243,3.9
182,991,3.7
25,1045,5.0
51,804,5.0
135,438,3.0
68,437,4.2
103,809,3.5
49,63,4.5
195,708,4.8
93,493,4.7
178,852,4.6
122,673,5.0
2,1160,4.2
180,45,4.5
99,729,4.1
68,80,5.0
145,1116,4.1
28,322,4.7
58,1021,4.3
58,1071,4.3
155,107,4.8
165,427,3.7
3,885,3.5
73,187,3.0
147,974,3.3
95,823,4.6
75,1110,4.1
162,213,4.6
183,118,4.2
8,693,4.5
180,309,4.1
133,430,4.7
128,1312,4.7
51,445,3.7
74,958,4.3
9,404,4.0
60,462,3.6
134,252,
168,1090,3.9
42,368,4.9
162,1342,3.5
200,36,5.0
157,26,5.0
3,279,4.1
114,1366,4.9
1,723,3.7
49,825,3.2
189,38,5.0
137,1281,4.5
6,397,3.8
140,304,5.0
135,378,4.6
45,1240,4.9
55,188,4.1
74,950,4.8
33,1287,5.0
192,443,3.6
63,1027,4.0
66,608,5.0
59,119,4.7
8,392,
184,1184,3.6
108,419,3.7
134,287,4.4
77,418,5.0
99,606,5.0
153,518,4.6
142,405,4.3
183,1025,5.0
107,1168,5.0
27,491,5.0
113,314,4.4
197,36,3.4
145,474,2.8
31,542,3.1
69,538,4.4
33,40,4.2
54,186,3.3
151,788,4.7
145,825,3.4
10,67,4.7
112,153,4.9
129,272,4.5
31,1135,4.5
126,996,4.4
100,1379,4.1
3,577,5.0
110,554,
120,1118,3.2
35,94,4.8
154,672,3.3
28,894,3.5
167,857,4.5
135,606,5.0
174,986,4.3
152,916,5.0
177,335,4.1
165,720,5.0
39,737,3.4
38,434,3.4
117,1062,4.4
76,329,5.0
6,897,3.2
130,685,3.9
9,1112,4.4
64,1106,4.6
161,1237,3.9
164,1111,3.9
87,1356,4.9
171,88,4.5
163,883,4.7
92,714,4.5
44,1056,4.9
142,817,4.0
146,560,4.8
151,1123,4.9
3,260,4.3
113,1323,4.7
168,1237,4.3
21,25,5.0
116,743,5.0
156,26,5.0
31,668,4.3
12,53,4.8
150,1346,
68,153,4.6
133,1092,4.0
127,79,
114,86,4.3
70,626,4.2
153,833,4.4
95,202,3.6
112,676,4.4
95,788,3.2
173,419,4.0
106,1017,5.0
142,1139,4.6
162,1045,3.5
59,718,3.9
24,453,
6,809,4.4
38,1121,4.1
119,23,3.6
113,241,4.2
139,1020,4.1
169,297,3.6
130,583,
121,582,4.2
81,537,4.4
197,348,4.7
35,840,4.0
185,622,4.6
198,113,4.2
181,844,4.4
50,968,4.1
141,24,4.1
13,1208,4.3
162,143,3.5
180,524,3.8
186,56,4.4
47,1127,3.6
188,449,4.4
75,1335,4.1
97,312,3.7
108,365,4.4
55,792,4.5
78,750,3.8
119,562,4.8
191,34,3.9
151,855,4.0
43,1156,3.8
79,1261,3.7
145,705,4.2
152,787,4.4
33,829,3.9
117,1351,
82,1241,4.4
67,651,5.0
68,447,3.8
113,985,3.8
25,195,5.0
36,884,4.3
27,52,4.9
173,193,4.8
197,549,3.5
96,233,4.3
12,808,4.9
192,1191,4.0
134,1065,3.6
56,968,4.4
167,199,5.0
4,984,4.1
118,457,
55,798,4.8
56,1159,4.6
176,695,3.9
36,339,4.5
78,796,3.5
186,1044,4.0
184,664,
192,36,4.4
17,1375,4.8
38,924,4.1
30,1192,3.4
165,1004,4.3
21,299,4.9
84,487,4.2
48,1150,4.7
79,1110,4.7
199,526,4.4
98,549,3.2
139,72,3.7
75,551,4.4
13,122,3.9
156,528,3.1
176,891,5.0
78,847,3.7
69,1024,4.1
46,246,4.2
154,900,
151,226,3.7
54,614,4.1
69,545,3.8
117,1211,5.0
34,633,4.1
174,689,4.5
138,364,4.8
49,979,3.5
150,413,3.6
161,694,4.0
57,617,3.5
49,395,4.0
40,586,5.0
155,555,4.4
121,421,3.6
23,1007,5.0
6,354,4.4
99,749,4.6
150,499,5.0
43,803,3.7
171,1084,4.8
185,769,4.3
54,501,4.1
22,1013,4.4
134,647,3.5
125,598,4.0
55,787,4.6
194,820,3.6
184,1191,3.9
86,1261,4.6
107,714,4.5
31,842,4.8
2,486,3.5
51,810,4.1
115,1126,4.1
153,1212,4.7
146,127,4.0
71,800,4.5
71,889,3.9
78,760,3.9
146,1073,3.8
36,359,5.0
164,738,4.5
107,936,4.0
43,1269,4.7
145,861,4.6
132,38,4.8
38,1362,4.6
24,254,4.0
90,948,4.9
62,801,3.5
171,150,4.4
53,1001,4.1
88,377,5.0
77,1225,4.9
120,490,4.1
73,303,4.0
172,120,4.4
143,1184,3.6
32,968,3.8
130,782,4.2
172,570,
68,951,3.5
87,36,4.1
32,559,3.7
28,750,4.1
185,125,4.8
147,839,4.6
72,327,3.9
189,753,3.6
101,124,4.8
121,1376,5.0
109,209,4.6
126,361,4.6
102,825,3.9
26,844,4.5
176,805,4.1
106,1283,4.3
103,1098,4.1
154,213,4.4
119,1049,3.8
91,1077,4.2
151,928,3.0
114,1140,3.6
144,653,3.7
57,236,4.9
195,346,4.9
198,118,4.3
96,678,3.2
32,741,4.5
186,1300,4.5
106,426,4.2
87,255,4.1
158,155,3.9
16,210,4.6
164,1152,4.1
37,713,5.0
88,900,
61,511,3.6
130,902,3.5
58,896,3.4
190,814,4.2
171,240,4.7
64,512,3.5
50,1214,3.5
121,755,5.0
95,951,3.4
83,189,5.0
94,817,4.1
161,895,4.0
14,443,3.7
80,1000,3.6
64,674,4.3
113,477,3.4
142,715,4.1
127,218,3.7
154,470,
168,738,3.9
7,792,4.3
72,360,5.0
173,1206,4.3
140,1070,3.9
109,173,4.7
79,1202,4.2
3,686,4.5
95,283,5.0
3,390,4.5
107,738,4.2
190,1032,4.6
43,310,4.6
187,1319,5.0
186,54,3.6
81,732,2.3
138,898,4.1
194,878,4.2
40,386,4.2
88,740,4.8
32,1074,4.2
148,1027,4.3
137,1083,4.6
172,1299,4.1
151,804,5.0
170,793,4.2
21,1379,5.0
86,154,3.9
195,1275,4.7
192,1095,4.8
22,218,2.9
120,1264,4.6
158,461,3.0
114,927,3.4
63,884,3.5
140,691,4.3
156,6,4.8
170,635,4.5
25,512,2.5
74,22,4.4
116,392,
35,917,3.8
65,855,3.8
134,471,4.6
114,330,4.2
130,527,3.9
30,907,3.8
118,1198,4.3
172,1104,4.3
122,817,4.5
21,889,3.9
152,1165,5.0
144,303,5.0
1,613,4.8
84,1285,4.1
170,224,5.0
132,510,4.2
101,1373,4.2
35,1084,5.0
14,175,3.6
81,331,3.8
45,698,4.6
38,90,3.3
78,844,4.8
93,1124,3.8
180,195,4.9
16,1196,3.5
23,527,4.7
148,702,5.0
173,1109,3.3
86,43,2.8
109,1374,5.0
142,772,4.2
135,1100,3.6
139,17,
158,494,3.5
108,474,3.8
123,563,4.8
81,880,3.9
34,380,5.0
81,919,3.9
10,510,4.5
17,1176,3.1
157,830,4.9
49,826,4.5
57,754,5.0
121,1328,4.4
197,1338,3.9
99,661,3.8
181,487,3.8
95,420,4.7
68,302,4.7
163,809,4.1
101,693,3.6
124,253,4.7
130,1331,4.5
29,628,3.9
176,456,4.2
101,520,4.2
155,944,3.4
164,49,4.2
168,476,2.9
138,833,3.1
56,621,4.9
129,487,4.4
120,614,3.8
131,708,3.7
42,195,4.0
191,1130,3.9
19,246,4.6
167,215,3.6
92,190,3.0
199,789,4.2
9,233,4.0
198,356,4.3
162,696,4.5
92,136,3.6
41,772,3.2
125,1363,4.9
191,1133,4.1
169,1149,5.0
156,694,3.7
128,1053,3.9
153,769,3.6
177,1142,5.0
96,557,4.4
45,45,4.3
67,265,5.0
83,856,4.0
131,380,4.5
185,118,4.8
146,1129,5.0
132,84,4.6
127,191,3.4
95,980,3.9
200,576,4.4
72,1263,3.9
24,432,3.7
70,455,
185,995,4.4
70,1245,3.7
186,1355,4.4
199,1099,3.4
20,838,3.6
106,5,3.7
160,897,3.9
185,886,3.7
179,651,3.7
68,887,3.7
71,547,3.8
6,1267,5.0
122,734,3.8
160,1143,4.4
52,1344,3.7
5,545,3.5
20,251,
180,1291,3.9
63,1086,4.9
143,259,3.6
25,908,3.7
164,378,4.5
8,1053,4.5
183,121,4.4
97,602,
145,803,4.1
191,703,5.0
161,743,4.4
92,84,4.9
169,1265,4.4
193,369,4.4
53,1316,4.9
38,227,4.7
89,1284,4.3
128,762,3.7
32,760,4.2
163,29,4.2
25,1246,4.3
30,318,4.1
175,214,4.1
50,674,5.0
118,924,3.5
11,410,3.7
115,391,3.2
6,829,4.2
113,201,4.1
137,238,3.8
144,926,5.0
140,87,5.0
41,1352,
43,1299,4.9
37,809,3.9
74,148,3.2
71,174,4.8
180,474,2.7
93,1168,4.5
56,897,3.6
96,45,3.9
26,1073,4.0
169,588,4.3
129,935,4.5
144,528,3.8
149,479,3.2
119,75,3.7
127,417,3.3
71,765,4.5
29,803,3.0
10,1354,4.3
70,908,5.0
40,47,3.7
86,1377,4.7
91,412,4.6
1,1074,4.7
141,924,3.7
146,102,4.0
165,50,3.9
197,1202,5.0
184,937,4.0
142,989,4.0
30,488,4.2
34,1166,4.0
161,51,3.0
100,192,3.0
76,1181,3.9
131,513,4.7
97,295,5.0
196,8,3.9
176,518,3.2
157,1152,4.4
97,1071,3.8
118,833,3.3
70,46,3.2
179,542,3.8
187,1096,3.7
189,431,4.1
66,1126,4.5
51,1065,3.4
169,784,3.9
170,1113,3.4
134,736,4.4
108,662,4.1
193,979,4.3
32,206,3.8
199,332,4.3
183,230,3.4
11,620,4.9
4,1200,5.0
189,924,4.1
200,499,4.1
7,71,4.1
163,1051,4.1
5,1020,4.0
38,169,5.0
22,112,3.8
184,820,3.5
67,1300,4.6
110,451,4.5
174,1095,3.7
49,593,4.9
156,1113,3.6
113,1032,5.0
200,580,
134,435,3.8
104,1084,4.3
200,148,3.1
181,505,4.1
173,187,3.4
168,1100,3.3
104,972,3.0
62,967,4.5
73,456,4.3
33,394,2.6
88,1255,4.8
105,1076,5.0
159,195,4.8
62,471,3.5
176,1030,4.0
42,146,4.2
167,106,3.5
5,616,4.6
132,757,5.0
43,35,4.5
45,559,4.7
137,540,4.2
183,541,4.1
46,1073,4.5
12,919,4.4
100,95,3.7
67,1184,4.3
7,194,3.6
157,881,4.9
81,1141,4.4
66,181,2.9
133,778,4.1
153,524,3.9
8,1276,4.8
175,748,4.1
185,990,3.9
163,553,5.0
111,1317,4.6
147,246,3.7
107,484,4.4
160,1039,3.6
175,893,4.2
59,278,5.0
13,794,3.5
136,319,4.1
57,386,4.1
189,184,4.5
9,725,4.1
132,145,3.4
65,482,4.1
111,932,4.2
54,463,4.2
9,1113,3.3
81,932,4.2
194,1240,5.0
72,760,4.6
104,843,4.7
178,666,5.0
107,1185,4.1
2,1182,3.9
10,1338,3.7
147,126,4.8
162,1074,4.6
155,400,3.2
174,716,4.3
148,309,3.9
19,926,3.2
181,784,4.2
72,100,3.7
104,327,4.6
191,590,3.3
8,422,4.2
199,1058,3.8
189,459,4.1
158,619,
7,875,2.7
27,820,3.7
58,142,4.0
71,808,4.6
102,1234,3.6
83,1320,5.0
65,859,4.7
51,60,4.7
27,328,4.8
19,1354,5.0
38,914,3.4
128,763,4.5
70,410,4.0
154,1343,3.6
89,419,4.3
69,1183,5.0
143,385,3.4
61,1203,3.5
16,839,3.2
93,841,4.8
13,702,4.5
45,375,4.5
168,1261,4.4
172,300,4.8
40,1255,3.2
98,570,
141,154,5.0
168,1037,3.8
199,842,4.9
183,1088,4.8
102,420,4.1
86,532,3.8
200,834,4.4
70,962,4.1
162,1112,4.4
9,586,5.0
171,1259,3.7
81,359,4.6
29,1208,5.0
165,1333,4.2
79,772,2.9
75,722,3.9
158,394,3.6
171,835,4.4
177,665,4.1
195,1156,4.4
89,554,
24,1263,4.7
197,927,4.3
186,1113,3.4
125,194,2.6
109,1376,4.7
73,1361,3.9
101,1321,4.7
162,561,
199,1229,3.2
3,1119,3.9
91,132,5.0
5,320,4.5
122,1085,4.0
38,1183,4.2
11,253,5.0
131,220,2.9
84,1221,4.1
171,689,3.5
14,758,3.5
7,119,4.6
34,967,3.5
150,549,2.9
140,557,4.6
179,386,4.3
173,1126,4.4
49,363,4.5
3,1134,4.9
194,259,4.2
158,24,4.5
127,1254,4.5
98,252,
192,434,3.8
58,131,3.3
58,62,3.8
90,1034,4.1
195,181,2.9
66,229,3.5
76,790,3.6
162,1069,4.0
17,621,4.7
84,187,3.6
190,1096,4.1
25,949,4.9
94,1293,3.9
9,1035,4.4
140,395,3.9
172,1297,4.3
88,993,4.0
46,512,3.7
115,990,4.0
57,1162,4.0
107,150,3.6
19,224,4.5
162,1370,4.5
29,1353,
153,886,3.9
164,452,3.7
64,88,3.9
123,617,4.1
151,272,5.0
125,241,3.8
15,809,4.1
43,262,4.7
133,783,5.0
65,299,4.5
114,1295,3.9
53,217,4.5
86,1174,2.9
62,452,4.4
98,50,5.0
119,61,4.2
114,42,5.0
15,407,4.2
53,1294,4.0
36,1313,3.6
16,449,4.1
57,983,4.6
170,172,4.8
97,336,4.4
170,762,3.3
125,857,5.0
98,1309,4.6
26,224,5.0
52,1314,3.7
17,1380,4.9
169,1024,3.5
5,116,4.7
184,1341,4.1
188,732,3.5
101,1050,5.0
17,724,4.3
38,587,3.4
58,150,4.5
108,718,4.3
89,117,3.6
118,308,4.2
185,33,4.2
75,298,3.9
55,625,5.0
77,1020,4.3
155,779,4.1
101,940,4.6
107,789,3.5
132,669,3.8
47,581,
60,1200,4.6
152,1344,4.1
191,440,2.5
198,750,4.2
199,1273,4.5
76,1209,4.8
81,1311,4.7
169,209,4.4
7,1358,5.0
108,1206,3.4
63,1121,4.7
61,937,3.2
179,706,4.7
80,438,3.4
57,805,4.0
44,1204,4.0
43,805,5.0
179,433,2.9
136,495,4.7
120,173,3.5
111,739,4.7
181,1068,4.2
180,1278,4.4
117,545,2.8
38,1298,4.1
33,176,3.8
62,1381,5.0
122,15,4.8
115,520,3.8
40,1054,5.0
164,863,4.7
40,285,3.8
56,760,4.0
193,1176,2.7
138,1247,4.0
45,702,3.7
23,50,4.2
6,1124,3.6
110,1151,4.3
4,463,4.5
66,1365,5.0
76,947,4.0
60,155,4.4
160,1020,4.6
79,1111,4.4
99,899,3.1
162,981,
30,311,4.6
117,335,4.5
68,893,4.5
64,962,4.4
199,892,3.7
114,1252,4.3
32,386,3.0
106,939,3.0
30,644,4.2
20,1171,3.5
198,1349,
89,930,3.5
87,689,2.6
65,895,4.1
122,946,3.1
137,1017,4.0
23,1034,3.4
124,287,4.3
101,1316,4.9
84,1019,4.1
56,44,4.3
162,1185,4.0
175,1144,3.7
49,515,4.0
136,1287,3.9
71,97,3.7
101,6,4.3
120,888,4.3
186,240,4.9
180,862,3.5
189,713,4.3
162,178,5.0
116,1034,2.9
22,757,4.1
110,724,4.3
